seed,episode,reward,episode_length,loss,eval_success_rate,intrinsic_reward,policy_entropy,algorithm,learning_rate,gamma,env_name,reward_type
5,1,29.0,29,0.0,-1.0,0.0,0.0,DQN_Entropy,0.0005,0.99,cartpole,dense
5,2,36.0,36,0.0,-1.0,0.0,0.0,DQN_Entropy,0.0005,0.99,cartpole,dense
5,3,17.0,17,0.0,-1.0,0.0,0.0,DQN_Entropy,0.0005,0.99,cartpole,dense
5,4,15.0,15,0.0,-1.0,0.0,0.0,DQN_Entropy,0.0005,0.99,cartpole,dense
5,5,43.0,43,0.0,-1.0,0.0,0.0,DQN_Entropy,0.0005,0.99,cartpole,dense
5,6,28.0,28,0.0,-1.0,0.0,0.0,DQN_Entropy,0.0005,0.99,cartpole,dense
5,7,56.0,56,0.0,-1.0,0.0,0.0,DQN_Entropy,0.0005,0.99,cartpole,dense
5,8,75.0,75,0.988411009311676,-1.0,0.0,0.6929202675819397,DQN_Entropy,0.0005,0.99,cartpole,dense
5,9,19.0,19,0.9827325344085693,-1.0,0.0,0.6929454803466797,DQN_Entropy,0.0005,0.99,cartpole,dense
5,10,45.0,45,0.9757412672042847,-1.0,0.0,0.6929389238357544,DQN_Entropy,0.0005,0.99,cartpole,dense
5,11,16.0,16,0.9717451930046082,-1.0,0.0,0.6928961277008057,DQN_Entropy,0.0005,0.99,cartpole,dense
5,12,10.0,10,0.970979630947113,-1.0,0.0,0.6928773522377014,DQN_Entropy,0.0005,0.99,cartpole,dense
5,13,22.0,22,0.9657772779464722,-1.0,0.0,0.6928761005401611,DQN_Entropy,0.0005,0.99,cartpole,dense
5,14,82.0,82,0.9561212658882141,-1.0,0.0,0.692876935005188,DQN_Entropy,0.0005,0.99,cartpole,dense
5,15,14.0,14,0.9532595872879028,-1.0,0.0,0.692863941192627,DQN_Entropy,0.0005,0.99,cartpole,dense
5,16,17.0,17,0.9876983761787415,-1.0,0.0,0.6928771734237671,DQN_Entropy,0.0005,0.99,cartpole,dense
5,17,14.0,14,0.9802225828170776,-1.0,0.0,0.6929043531417847,DQN_Entropy,0.0005,0.99,cartpole,dense
5,18,25.0,25,0.974852442741394,-1.0,0.0,0.6929159164428711,DQN_Entropy,0.0005,0.99,cartpole,dense
5,19,34.0,34,0.9721188545227051,-1.0,0.0,0.6928697824478149,DQN_Entropy,0.0005,0.99,cartpole,dense
5,20,64.0,64,0.969165563583374,-1.0,0.0,0.6928954124450684,DQN_Entropy,0.0005,0.99,cartpole,dense
5,21,69.0,69,0.9572799205780029,-1.0,0.0,0.6929276585578918,DQN_Entropy,0.0005,0.99,cartpole,dense
5,22,13.0,13,0.9569370746612549,-1.0,0.0,0.6928667426109314,DQN_Entropy,0.0005,0.99,cartpole,dense
5,23,17.0,17,0.9512453079223633,-1.0,0.0,0.6928728818893433,DQN_Entropy,0.0005,0.99,cartpole,dense
5,24,28.0,28,0.9474175572395325,-1.0,0.0,0.6928917765617371,DQN_Entropy,0.0005,0.99,cartpole,dense
5,25,14.0,14,0.9407947659492493,-1.0,0.0,0.692884087562561,DQN_Entropy,0.0005,0.99,cartpole,dense
5,26,82.0,82,0.9373112916946411,-1.0,0.0,0.6929095387458801,DQN_Entropy,0.0005,0.99,cartpole,dense
5,27,20.0,20,0.9301990270614624,-1.0,0.0,0.6928942799568176,DQN_Entropy,0.0005,0.99,cartpole,dense
5,28,50.0,50,0.9229235053062439,-1.0,0.0,0.6929266452789307,DQN_Entropy,0.0005,0.99,cartpole,dense
5,29,21.0,21,0.9189243316650391,-1.0,0.0,0.6929172277450562,DQN_Entropy,0.0005,0.99,cartpole,dense
5,30,28.0,28,0.9180544018745422,-1.0,0.0,0.6928738355636597,DQN_Entropy,0.0005,0.99,cartpole,dense
5,31,31.0,31,0.99068683385849,-1.0,0.0,0.6928864121437073,DQN_Entropy,0.0005,0.99,cartpole,dense
5,32,20.0,20,0.9851453304290771,-1.0,0.0,0.6928485035896301,DQN_Entropy,0.0005,0.99,cartpole,dense
5,33,14.0,14,0.9771966338157654,-1.0,0.0,0.6928728222846985,DQN_Entropy,0.0005,0.99,cartpole,dense
5,34,19.0,19,0.9722321629524231,-1.0,0.0,0.6928874254226685,DQN_Entropy,0.0005,0.99,cartpole,dense
5,35,50.0,50,0.9672821760177612,-1.0,0.0,0.6929052472114563,DQN_Entropy,0.0005,0.99,cartpole,dense
5,36,26.0,26,0.9599631428718567,-1.0,0.0,0.6928952932357788,DQN_Entropy,0.0005,0.99,cartpole,dense
5,37,29.0,29,0.9575912952423096,-1.0,0.0,0.6928575038909912,DQN_Entropy,0.0005,0.99,cartpole,dense
5,38,28.0,28,0.9503352046012878,-1.0,0.0,0.6928867697715759,DQN_Entropy,0.0005,0.99,cartpole,dense
5,39,16.0,16,0.9464918375015259,-1.0,0.0,0.6928574442863464,DQN_Entropy,0.0005,0.99,cartpole,dense
5,40,33.0,33,0.9409993290901184,-1.0,0.0,0.6928985714912415,DQN_Entropy,0.0005,0.99,cartpole,dense
5,41,53.0,53,0.933244526386261,-1.0,0.0,0.6928864121437073,DQN_Entropy,0.0005,0.99,cartpole,dense
5,42,20.0,20,0.9268436431884766,-1.0,0.0,0.692919909954071,DQN_Entropy,0.0005,0.99,cartpole,dense
5,43,22.0,22,0.9227522611618042,-1.0,0.0,0.6928704977035522,DQN_Entropy,0.0005,0.99,cartpole,dense
5,44,44.0,44,0.9173113107681274,-1.0,0.0,0.6928560137748718,DQN_Entropy,0.0005,0.99,cartpole,dense
5,45,9.0,9,0.9149482250213623,-1.0,0.0,0.692908525466919,DQN_Entropy,0.0005,0.99,cartpole,dense
5,46,28.0,28,0.906960666179657,-1.0,0.0,0.6928826570510864,DQN_Entropy,0.0005,0.99,cartpole,dense
5,47,16.0,16,0.902018666267395,-1.0,0.0,0.6928892135620117,DQN_Entropy,0.0005,0.99,cartpole,dense
5,48,29.0,29,0.89725261926651,-1.0,0.0,0.6929137110710144,DQN_Entropy,0.0005,0.99,cartpole,dense
5,49,14.0,14,0.8922133445739746,-1.0,0.0,0.692896842956543,DQN_Entropy,0.0005,0.99,cartpole,dense
5,50,78.0,78,0.9859635829925537,-1.0,0.0,0.6928717494010925,DQN_Entropy,0.0005,0.99,cartpole,dense
5,51,23.0,23,0.9767098426818848,-1.0,0.0,0.6929090619087219,DQN_Entropy,0.0005,0.99,cartpole,dense
5,52,11.0,11,0.9693714380264282,-1.0,0.0,0.6928863525390625,DQN_Entropy,0.0005,0.99,cartpole,dense
5,53,17.0,17,0.9671523571014404,-1.0,0.0,0.6928539276123047,DQN_Entropy,0.0005,0.99,cartpole,dense
5,54,22.0,22,0.9627981185913086,-1.0,0.0,0.6929124593734741,DQN_Entropy,0.0005,0.99,cartpole,dense
5,55,10.0,10,0.9616843461990356,-1.0,0.0,0.692888617515564,DQN_Entropy,0.0005,0.99,cartpole,dense
5,56,48.0,48,0.9520182609558105,-1.0,0.0,0.6928738951683044,DQN_Entropy,0.0005,0.99,cartpole,dense
5,57,34.0,34,0.9474407434463501,-1.0,0.0,0.6928543448448181,DQN_Entropy,0.0005,0.99,cartpole,dense
5,58,23.0,23,0.9396215677261353,-1.0,0.0,0.6929458379745483,DQN_Entropy,0.0005,0.99,cartpole,dense
5,59,48.0,48,0.9332720041275024,-1.0,0.0,0.6929105520248413,DQN_Entropy,0.0005,0.99,cartpole,dense
5,60,18.0,18,0.930853545665741,-1.0,0.0,0.6928615570068359,DQN_Entropy,0.0005,0.99,cartpole,dense
5,61,28.0,28,0.92336106300354,-1.0,0.0,0.6928834915161133,DQN_Entropy,0.0005,0.99,cartpole,dense
5,62,45.0,45,0.9251099824905396,-1.0,0.0,0.6928396224975586,DQN_Entropy,0.0005,0.99,cartpole,dense
5,63,41.0,41,0.9140830039978027,-1.0,0.0,0.692925751209259,DQN_Entropy,0.0005,0.99,cartpole,dense
5,64,16.0,16,0.9104593992233276,-1.0,0.0,0.6928508281707764,DQN_Entropy,0.0005,0.99,cartpole,dense
5,65,75.0,75,0.9023808240890503,-1.0,0.0,0.6928733587265015,DQN_Entropy,0.0005,0.99,cartpole,dense
5,66,41.0,41,0.9806203246116638,-1.0,0.0,0.6929336786270142,DQN_Entropy,0.0005,0.99,cartpole,dense
5,67,20.0,20,0.9764193296432495,-1.0,0.0,0.6928817629814148,DQN_Entropy,0.0005,0.99,cartpole,dense
5,68,11.0,11,0.9700862169265747,-1.0,0.0,0.6928896307945251,DQN_Entropy,0.0005,0.99,cartpole,dense
5,69,14.0,14,0.9648389220237732,-1.0,0.0,0.6929057240486145,DQN_Entropy,0.0005,0.99,cartpole,dense
5,70,19.0,19,0.9561580419540405,-1.0,0.0,0.6928961873054504,DQN_Entropy,0.0005,0.99,cartpole,dense
5,71,16.0,16,0.955044150352478,-1.0,0.0,0.6928873062133789,DQN_Entropy,0.0005,0.99,cartpole,dense
5,72,14.0,14,0.9514780044555664,-1.0,0.0,0.692870020866394,DQN_Entropy,0.0005,0.99,cartpole,dense
5,73,75.0,75,0.9441227912902832,-1.0,0.0,0.6928720474243164,DQN_Entropy,0.0005,0.99,cartpole,dense
5,74,28.0,28,0.9363651871681213,-1.0,0.0,0.6928788423538208,DQN_Entropy,0.0005,0.99,cartpole,dense
5,75,39.0,39,0.9340101480484009,-1.0,0.0,0.6928888559341431,DQN_Entropy,0.0005,0.99,cartpole,dense
5,76,28.0,28,0.9273669719696045,-1.0,0.0,0.6928368210792542,DQN_Entropy,0.0005,0.99,cartpole,dense
5,77,13.0,13,0.922441840171814,-1.0,0.0,0.692870020866394,DQN_Entropy,0.0005,0.99,cartpole,dense
5,78,75.0,75,0.9134009480476379,-1.0,0.0,0.6929126381874084,DQN_Entropy,0.0005,0.99,cartpole,dense
5,79,35.0,35,0.9109308123588562,-1.0,0.0,0.6928574442863464,DQN_Entropy,0.0005,0.99,cartpole,dense
5,80,21.0,21,0.9054187536239624,-1.0,0.0,0.6928931474685669,DQN_Entropy,0.0005,0.99,cartpole,dense
5,81,20.0,20,0.9030386805534363,-1.0,0.0,0.6928676962852478,DQN_Entropy,0.0005,0.99,cartpole,dense
5,82,22.0,22,0.9800127744674683,-1.0,0.0,0.6928959488868713,DQN_Entropy,0.0005,0.99,cartpole,dense
5,83,16.0,16,0.9780707955360413,-1.0,0.0,0.6928815841674805,DQN_Entropy,0.0005,0.99,cartpole,dense
5,84,35.0,35,0.9669127464294434,-1.0,0.0,0.6928934454917908,DQN_Entropy,0.0005,0.99,cartpole,dense
5,85,15.0,15,0.9581083655357361,-1.0,0.0,0.6928673386573792,DQN_Entropy,0.0005,0.99,cartpole,dense
5,86,75.0,75,0.9561746120452881,-1.0,0.0,0.6928603053092957,DQN_Entropy,0.0005,0.99,cartpole,dense
5,87,20.0,20,0.950839638710022,-1.0,0.0,0.6928851008415222,DQN_Entropy,0.0005,0.99,cartpole,dense
5,88,12.0,12,0.9423423409461975,-1.0,0.0,0.6928704380989075,DQN_Entropy,0.0005,0.99,cartpole,dense
5,89,65.0,65,0.9372197389602661,-1.0,0.0,0.6928571462631226,DQN_Entropy,0.0005,0.99,cartpole,dense
5,90,12.0,12,0.938194751739502,-1.0,0.0,0.6928611993789673,DQN_Entropy,0.0005,0.99,cartpole,dense
5,91,36.0,36,0.9285112023353577,-1.0,0.0,0.6928662061691284,DQN_Entropy,0.0005,0.99,cartpole,dense
5,92,51.0,51,0.9290686249732971,-1.0,0.0,0.6928682327270508,DQN_Entropy,0.0005,0.99,cartpole,dense
5,93,43.0,43,0.9228460192680359,-1.0,0.0,0.6928572654724121,DQN_Entropy,0.0005,0.99,cartpole,dense
5,94,48.0,48,0.9136204719543457,-1.0,0.0,0.6928560733795166,DQN_Entropy,0.0005,0.99,cartpole,dense
5,95,20.0,20,0.9082973599433899,-1.0,0.0,0.6928939819335938,DQN_Entropy,0.0005,0.99,cartpole,dense
5,96,19.0,19,0.8912451863288879,-1.0,0.0,0.6928274631500244,DQN_Entropy,0.0005,0.99,cartpole,dense
5,97,28.0,28,0.8989478945732117,-1.0,0.0,0.6928572654724121,DQN_Entropy,0.0005,0.99,cartpole,dense
5,98,33.0,33,0.9776439666748047,-1.0,0.0,0.6928489208221436,DQN_Entropy,0.0005,0.99,cartpole,dense
5,99,23.0,23,0.9730424880981445,-1.0,0.0,0.6928524374961853,DQN_Entropy,0.0005,0.99,cartpole,dense
5,100,29.0,29,0.9678453803062439,-1.0,0.0,0.6928735375404358,DQN_Entropy,0.0005,0.99,cartpole,dense
5,101,22.0,22,0.9615604877471924,-1.0,0.0,0.6928637027740479,DQN_Entropy,0.0005,0.99,cartpole,dense
5,102,13.0,13,0.9560018181800842,-1.0,0.0,0.6928468346595764,DQN_Entropy,0.0005,0.99,cartpole,dense
5,103,24.0,24,0.9505424499511719,-1.0,0.0,0.6928445100784302,DQN_Entropy,0.0005,0.99,cartpole,dense
5,104,18.0,18,0.9446285963058472,-1.0,0.0,0.6928499937057495,DQN_Entropy,0.0005,0.99,cartpole,dense
5,105,45.0,45,0.9363042116165161,-1.0,0.0,0.6928505897521973,DQN_Entropy,0.0005,0.99,cartpole,dense
5,106,48.0,48,0.9308941960334778,-1.0,0.0,0.692855179309845,DQN_Entropy,0.0005,0.99,cartpole,dense
5,107,23.0,23,0.9300543665885925,-1.0,0.0,0.6928386688232422,DQN_Entropy,0.0005,0.99,cartpole,dense
5,108,111.0,111,0.9198647737503052,-1.0,0.0,0.6928759217262268,DQN_Entropy,0.0005,0.99,cartpole,dense
5,109,68.0,68,0.9166742563247681,-1.0,0.0,0.6928783655166626,DQN_Entropy,0.0005,0.99,cartpole,dense
5,110,22.0,22,0.9150893688201904,-1.0,0.0,0.692865252494812,DQN_Entropy,0.0005,0.99,cartpole,dense
5,111,19.0,19,0.9745797514915466,-1.0,0.0,0.6928551197052002,DQN_Entropy,0.0005,0.99,cartpole,dense
5,112,18.0,18,0.971694827079773,-1.0,0.0,0.6928185820579529,DQN_Entropy,0.0005,0.99,cartpole,dense
5,113,115.0,115,0.9636062383651733,-1.0,0.0,0.6928627490997314,DQN_Entropy,0.0005,0.99,cartpole,dense
5,114,15.0,15,0.9623397588729858,-1.0,0.0,0.692855954170227,DQN_Entropy,0.0005,0.99,cartpole,dense
5,115,18.0,18,0.9544287323951721,-1.0,0.0,0.6928613185882568,DQN_Entropy,0.0005,0.99,cartpole,dense
5,116,24.0,24,0.9446408152580261,-1.0,0.0,0.6928485631942749,DQN_Entropy,0.0005,0.99,cartpole,dense
5,117,23.0,23,0.940750241279602,-1.0,0.0,0.6928582191467285,DQN_Entropy,0.0005,0.99,cartpole,dense
5,118,121.0,121,0.9319497346878052,-1.0,0.0,0.6928638219833374,DQN_Entropy,0.0005,0.99,cartpole,dense
5,119,39.0,39,0.929099977016449,-1.0,0.0,0.6928696632385254,DQN_Entropy,0.0005,0.99,cartpole,dense
5,120,11.0,11,0.922629714012146,-1.0,0.0,0.6928669810295105,DQN_Entropy,0.0005,0.99,cartpole,dense
5,121,22.0,22,0.9086211919784546,-1.0,0.0,0.6928077340126038,DQN_Entropy,0.0005,0.99,cartpole,dense
5,122,19.0,19,0.9160179495811462,-1.0,0.0,0.6928688287734985,DQN_Entropy,0.0005,0.99,cartpole,dense
5,123,19.0,19,0.9098970890045166,-1.0,0.0,0.6928392052650452,DQN_Entropy,0.0005,0.99,cartpole,dense
5,124,61.0,61,0.9018116593360901,-1.0,0.0,0.6928551197052002,DQN_Entropy,0.0005,0.99,cartpole,dense
5,125,36.0,36,0.9755806922912598,-1.0,0.0,0.6928338408470154,DQN_Entropy,0.0005,0.99,cartpole,dense
5,126,38.0,38,0.9735574722290039,-1.0,0.0,0.6928914189338684,DQN_Entropy,0.0005,0.99,cartpole,dense
5,127,25.0,25,0.959929347038269,-1.0,0.0,0.6928589344024658,DQN_Entropy,0.0005,0.99,cartpole,dense
5,128,40.0,40,0.9546222686767578,-1.0,0.0,0.6928421258926392,DQN_Entropy,0.0005,0.99,cartpole,dense
5,129,44.0,44,0.9496861696243286,-1.0,0.0,0.6928555965423584,DQN_Entropy,0.0005,0.99,cartpole,dense
5,130,47.0,47,0.9534279108047485,-1.0,0.0,0.6928565502166748,DQN_Entropy,0.0005,0.99,cartpole,dense
5,131,35.0,35,0.9327203631401062,-1.0,0.0,0.6928246021270752,DQN_Entropy,0.0005,0.99,cartpole,dense
5,132,29.0,29,0.9376254081726074,-1.0,0.0,0.6928720474243164,DQN_Entropy,0.0005,0.99,cartpole,dense
5,133,25.0,25,0.9246046543121338,-1.0,0.0,0.6928125619888306,DQN_Entropy,0.0005,0.99,cartpole,dense
5,134,31.0,31,0.9184787273406982,-1.0,0.0,0.6928552389144897,DQN_Entropy,0.0005,0.99,cartpole,dense
5,135,22.0,22,0.9162700176239014,-1.0,0.0,0.6928651928901672,DQN_Entropy,0.0005,0.99,cartpole,dense
5,136,26.0,26,0.9125903844833374,-1.0,0.0,0.6927992105484009,DQN_Entropy,0.0005,0.99,cartpole,dense
5,137,48.0,48,0.9055128693580627,-1.0,0.0,0.6928685903549194,DQN_Entropy,0.0005,0.99,cartpole,dense
5,138,37.0,37,0.8965870141983032,-1.0,0.0,0.692842960357666,DQN_Entropy,0.0005,0.99,cartpole,dense
5,139,13.0,13,0.9671798348426819,-1.0,0.0,0.6928634643554688,DQN_Entropy,0.0005,0.99,cartpole,dense
5,140,28.0,28,0.9723907113075256,-1.0,0.0,0.6928520202636719,DQN_Entropy,0.0005,0.99,cartpole,dense
5,141,59.0,59,0.957919716835022,-1.0,0.0,0.6928538680076599,DQN_Entropy,0.0005,0.99,cartpole,dense
5,142,52.0,52,0.9586174488067627,-1.0,0.0,0.692835807800293,DQN_Entropy,0.0005,0.99,cartpole,dense
5,143,40.0,40,0.9539127349853516,-1.0,0.0,0.6928479671478271,DQN_Entropy,0.0005,0.99,cartpole,dense
5,144,21.0,21,0.9449804425239563,-1.0,0.0,0.6928364038467407,DQN_Entropy,0.0005,0.99,cartpole,dense
5,145,90.0,90,0.9358482956886292,-1.0,0.0,0.6928791403770447,DQN_Entropy,0.0005,0.99,cartpole,dense
5,146,87.0,87,0.9287527203559875,-1.0,0.0,0.6928334832191467,DQN_Entropy,0.0005,0.99,cartpole,dense
5,147,13.0,13,0.9270921349525452,-1.0,0.0,0.6928551197052002,DQN_Entropy,0.0005,0.99,cartpole,dense
5,148,34.0,34,0.9178829193115234,-1.0,0.0,0.6928261518478394,DQN_Entropy,0.0005,0.99,cartpole,dense
5,149,80.0,80,0.9164282083511353,-1.0,0.0,0.6928466558456421,DQN_Entropy,0.0005,0.99,cartpole,dense
5,150,48.0,48,0.9699857234954834,-1.0,0.0,0.692849338054657,DQN_Entropy,0.0005,0.99,cartpole,dense
5,151,27.0,27,0.9692600965499878,-1.0,0.0,0.6928365230560303,DQN_Entropy,0.0005,0.99,cartpole,dense
5,152,14.0,14,0.952359676361084,-1.0,0.0,0.6928156614303589,DQN_Entropy,0.0005,0.99,cartpole,dense
5,153,57.0,57,0.9521045684814453,-1.0,0.0,0.6928269267082214,DQN_Entropy,0.0005,0.99,cartpole,dense
5,154,27.0,27,0.9471423625946045,-1.0,0.0,0.6928484439849854,DQN_Entropy,0.0005,0.99,cartpole,dense
5,155,36.0,36,0.9407253265380859,-1.0,0.0,0.6928252577781677,DQN_Entropy,0.0005,0.99,cartpole,dense
5,156,78.0,78,0.9343762993812561,-1.0,0.0,0.6928492188453674,DQN_Entropy,0.0005,0.99,cartpole,dense
5,157,34.0,34,0.9241462349891663,-1.0,0.0,0.6928079128265381,DQN_Entropy,0.0005,0.99,cartpole,dense
5,158,118.0,118,0.9199494123458862,-1.0,0.0,0.6928331851959229,DQN_Entropy,0.0005,0.99,cartpole,dense
5,159,71.0,71,0.9158118963241577,-1.0,0.0,0.6928414106369019,DQN_Entropy,0.0005,0.99,cartpole,dense
5,160,20.0,20,0.9693742990493774,-1.0,0.0,0.6928126811981201,DQN_Entropy,0.0005,0.99,cartpole,dense
5,161,27.0,27,0.9624009728431702,-1.0,0.0,0.6928505301475525,DQN_Entropy,0.0005,0.99,cartpole,dense
5,162,26.0,26,0.946384847164154,-1.0,0.0,0.6928218603134155,DQN_Entropy,0.0005,0.99,cartpole,dense
5,163,32.0,32,0.9526187777519226,-1.0,0.0,0.6928467154502869,DQN_Entropy,0.0005,0.99,cartpole,dense
5,164,32.0,32,0.941777229309082,-1.0,0.0,0.6928280591964722,DQN_Entropy,0.0005,0.99,cartpole,dense
5,165,32.0,32,0.9396752715110779,-1.0,0.0,0.6928223967552185,DQN_Entropy,0.0005,0.99,cartpole,dense
5,166,29.0,29,0.9328176975250244,-1.0,0.0,0.6928237080574036,DQN_Entropy,0.0005,0.99,cartpole,dense
5,167,38.0,38,0.9301297068595886,-1.0,0.0,0.6928157210350037,DQN_Entropy,0.0005,0.99,cartpole,dense
5,168,45.0,45,0.9217423796653748,-1.0,0.0,0.692825198173523,DQN_Entropy,0.0005,0.99,cartpole,dense
5,169,33.0,33,0.9157353639602661,-1.0,0.0,0.6928333044052124,DQN_Entropy,0.0005,0.99,cartpole,dense
5,170,67.0,67,0.9023016095161438,-1.0,0.0,0.6927942633628845,DQN_Entropy,0.0005,0.99,cartpole,dense
5,171,34.0,34,0.9095703363418579,-1.0,0.0,0.6928113102912903,DQN_Entropy,0.0005,0.99,cartpole,dense
5,172,38.0,38,0.8920979499816895,-1.0,0.0,0.6927992105484009,DQN_Entropy,0.0005,0.99,cartpole,dense
5,173,31.0,31,0.8896686434745789,-1.0,0.0,0.692803144454956,DQN_Entropy,0.0005,0.99,cartpole,dense
5,174,60.0,60,0.9633053541183472,-1.0,0.0,0.6928017735481262,DQN_Entropy,0.0005,0.99,cartpole,dense
5,175,39.0,39,0.953811764717102,-1.0,0.0,0.6928092241287231,DQN_Entropy,0.0005,0.99,cartpole,dense
5,176,50.0,50,0.9543457627296448,-1.0,0.0,0.69283527135849,DQN_Entropy,0.0005,0.99,cartpole,dense
5,177,30.0,30,0.9457758069038391,-1.0,0.0,0.6928473711013794,DQN_Entropy,0.0005,0.99,cartpole,dense
5,178,76.0,76,0.943420946598053,-1.0,0.0,0.6927921175956726,DQN_Entropy,0.0005,0.99,cartpole,dense
5,179,46.0,46,0.9285345673561096,-1.0,0.0,0.6928318738937378,DQN_Entropy,0.0005,0.99,cartpole,dense
5,180,10.0,10,0.9156390428543091,-1.0,0.0,0.6927937269210815,DQN_Entropy,0.0005,0.99,cartpole,dense
5,181,91.0,91,0.9257122278213501,-1.0,0.0,0.6928178668022156,DQN_Entropy,0.0005,0.99,cartpole,dense
5,182,17.0,17,0.9158260226249695,-1.0,0.0,0.6928218603134155,DQN_Entropy,0.0005,0.99,cartpole,dense
5,183,49.0,49,0.9110064506530762,-1.0,0.0,0.6928005218505859,DQN_Entropy,0.0005,0.99,cartpole,dense
5,184,22.0,22,0.9081479907035828,-1.0,0.0,0.692842423915863,DQN_Entropy,0.0005,0.99,cartpole,dense
5,185,29.0,29,0.9743767380714417,-1.0,0.0,0.6928312182426453,DQN_Entropy,0.0005,0.99,cartpole,dense
5,186,23.0,23,0.9677543640136719,-1.0,0.0,0.6928075551986694,DQN_Entropy,0.0005,0.99,cartpole,dense
5,187,57.0,57,0.950005054473877,-1.0,0.0,0.6928401589393616,DQN_Entropy,0.0005,0.99,cartpole,dense
5,188,22.0,22,0.9451807141304016,-1.0,0.0,0.69282066822052,DQN_Entropy,0.0005,0.99,cartpole,dense
5,189,25.0,25,0.9423808455467224,-1.0,0.0,0.6928333640098572,DQN_Entropy,0.0005,0.99,cartpole,dense
5,190,46.0,46,0.9281279444694519,-1.0,0.0,0.6928048133850098,DQN_Entropy,0.0005,0.99,cartpole,dense
5,191,21.0,21,0.9245679378509521,-1.0,0.0,0.6928157806396484,DQN_Entropy,0.0005,0.99,cartpole,dense
5,192,120.0,120,0.9180023074150085,-1.0,0.0,0.6927983164787292,DQN_Entropy,0.0005,0.99,cartpole,dense
5,193,69.0,69,0.9082522392272949,-1.0,0.0,0.6928260922431946,DQN_Entropy,0.0005,0.99,cartpole,dense
5,194,60.0,60,0.9109170436859131,-1.0,0.0,0.6928103566169739,DQN_Entropy,0.0005,0.99,cartpole,dense
5,195,113.0,113,0.9041099548339844,-1.0,0.0,0.6928096413612366,DQN_Entropy,0.0005,0.99,cartpole,dense
5,196,33.0,33,0.9618586301803589,-1.0,0.0,0.6928319334983826,DQN_Entropy,0.0005,0.99,cartpole,dense
5,197,31.0,31,0.9666205048561096,-1.0,0.0,0.6928224563598633,DQN_Entropy,0.0005,0.99,cartpole,dense
5,198,34.0,34,0.9513310194015503,-1.0,0.0,0.6928144693374634,DQN_Entropy,0.0005,0.99,cartpole,dense
5,199,28.0,28,0.940922200679779,-1.0,0.0,0.692819356918335,DQN_Entropy,0.0005,0.99,cartpole,dense
5,200,37.0,37,0.9365192651748657,-1.0,0.0,0.6928197145462036,DQN_Entropy,0.0005,0.99,cartpole,dense
5,201,40.0,40,0.9319010972976685,-1.0,0.0,0.6928285360336304,DQN_Entropy,0.0005,0.99,cartpole,dense
5,202,137.0,137,0.9228348731994629,-1.0,0.0,0.6928166151046753,DQN_Entropy,0.0005,0.99,cartpole,dense
5,203,56.0,56,0.9199424386024475,-1.0,0.0,0.6928566694259644,DQN_Entropy,0.0005,0.99,cartpole,dense
5,204,44.0,44,0.9163085222244263,-1.0,0.0,0.6928207874298096,DQN_Entropy,0.0005,0.99,cartpole,dense
5,205,43.0,43,0.9641364812850952,-1.0,0.0,0.6928279399871826,DQN_Entropy,0.0005,0.99,cartpole,dense
5,206,54.0,54,0.9564406871795654,-1.0,0.0,0.692823588848114,DQN_Entropy,0.0005,0.99,cartpole,dense
5,207,65.0,65,0.9456064105033875,-1.0,0.0,0.692829966545105,DQN_Entropy,0.0005,0.99,cartpole,dense
5,208,99.0,99,0.9424670934677124,-1.0,0.0,0.6928355097770691,DQN_Entropy,0.0005,0.99,cartpole,dense
5,209,51.0,51,0.9348486661911011,-1.0,0.0,0.692853569984436,DQN_Entropy,0.0005,0.99,cartpole,dense
5,210,54.0,54,0.9320889711380005,-1.0,0.0,0.6928513050079346,DQN_Entropy,0.0005,0.99,cartpole,dense
5,211,55.0,55,0.9163629412651062,-1.0,0.0,0.6928291320800781,DQN_Entropy,0.0005,0.99,cartpole,dense
5,212,47.0,47,0.9120287299156189,-1.0,0.0,0.6928261518478394,DQN_Entropy,0.0005,0.99,cartpole,dense
5,213,29.0,29,0.9610718488693237,-1.0,0.0,0.6928293108940125,DQN_Entropy,0.0005,0.99,cartpole,dense
5,214,40.0,40,0.9599147439002991,-1.0,0.0,0.6928423643112183,DQN_Entropy,0.0005,0.99,cartpole,dense
5,215,32.0,32,0.9454776644706726,-1.0,0.0,0.6928114891052246,DQN_Entropy,0.0005,0.99,cartpole,dense
5,216,66.0,66,0.9481678009033203,-1.0,0.0,0.6928106546401978,DQN_Entropy,0.0005,0.99,cartpole,dense
5,217,19.0,19,0.9403167963027954,-1.0,0.0,0.6928009390830994,DQN_Entropy,0.0005,0.99,cartpole,dense
5,218,22.0,22,0.9263641238212585,-1.0,0.0,0.6928537487983704,DQN_Entropy,0.0005,0.99,cartpole,dense
5,219,48.0,48,0.9140479564666748,-1.0,0.0,0.6928147673606873,DQN_Entropy,0.0005,0.99,cartpole,dense
5,220,32.0,32,0.9175668954849243,-1.0,0.0,0.6928168535232544,DQN_Entropy,0.0005,0.99,cartpole,dense
5,221,46.0,46,0.9012507200241089,-1.0,0.0,0.6928268074989319,DQN_Entropy,0.0005,0.99,cartpole,dense
5,222,36.0,36,0.9013599753379822,-1.0,0.0,0.6928273439407349,DQN_Entropy,0.0005,0.99,cartpole,dense
5,223,44.0,44,0.8857715725898743,-1.0,0.0,0.6928505301475525,DQN_Entropy,0.0005,0.99,cartpole,dense
5,224,45.0,45,0.8931100368499756,-1.0,0.0,0.6928319931030273,DQN_Entropy,0.0005,0.99,cartpole,dense
5,225,26.0,26,0.8856196999549866,-1.0,0.0,0.6928133964538574,DQN_Entropy,0.0005,0.99,cartpole,dense
5,226,28.0,28,0.8765244483947754,-1.0,0.0,0.6928290128707886,DQN_Entropy,0.0005,0.99,cartpole,dense
5,227,34.0,34,0.9566214084625244,-1.0,0.0,0.6928126215934753,DQN_Entropy,0.0005,0.99,cartpole,dense
5,228,14.0,14,0.9529368877410889,-1.0,0.0,0.692806601524353,DQN_Entropy,0.0005,0.99,cartpole,dense
5,229,69.0,69,0.9504062533378601,-1.0,0.0,0.6927921772003174,DQN_Entropy,0.0005,0.99,cartpole,dense
5,230,48.0,48,0.9389352798461914,-1.0,0.0,0.6928088665008545,DQN_Entropy,0.0005,0.99,cartpole,dense
5,231,48.0,48,0.9341278672218323,-1.0,0.0,0.6928291320800781,DQN_Entropy,0.0005,0.99,cartpole,dense
5,232,29.0,29,0.9265004396438599,-1.0,0.0,0.6928353905677795,DQN_Entropy,0.0005,0.99,cartpole,dense
5,233,36.0,36,0.9229931831359863,-1.0,0.0,0.6928166747093201,DQN_Entropy,0.0005,0.99,cartpole,dense
5,234,54.0,54,0.912750780582428,-1.0,0.0,0.69283127784729,DQN_Entropy,0.0005,0.99,cartpole,dense
5,235,31.0,31,0.9127784967422485,-1.0,0.0,0.6928168535232544,DQN_Entropy,0.0005,0.99,cartpole,dense
5,236,22.0,22,0.8997327089309692,-1.0,0.0,0.6927825212478638,DQN_Entropy,0.0005,0.99,cartpole,dense
5,237,48.0,48,0.8908596038818359,-1.0,0.0,0.6928051114082336,DQN_Entropy,0.0005,0.99,cartpole,dense
5,238,63.0,63,0.8856194615364075,-1.0,0.0,0.6928117275238037,DQN_Entropy,0.0005,0.99,cartpole,dense
5,239,44.0,44,0.9584168195724487,-1.0,0.0,0.6928244233131409,DQN_Entropy,0.0005,0.99,cartpole,dense
5,240,40.0,40,0.943620502948761,-1.0,0.0,0.6928028464317322,DQN_Entropy,0.0005,0.99,cartpole,dense
5,241,24.0,24,0.9491344094276428,-1.0,0.0,0.6927893757820129,DQN_Entropy,0.0005,0.99,cartpole,dense
5,242,25.0,25,0.9186102151870728,-1.0,0.0,0.6927769780158997,DQN_Entropy,0.0005,0.99,cartpole,dense
5,243,44.0,44,0.925321102142334,-1.0,0.0,0.6928310394287109,DQN_Entropy,0.0005,0.99,cartpole,dense
5,244,55.0,55,0.9224407076835632,-1.0,0.0,0.6928064823150635,DQN_Entropy,0.0005,0.99,cartpole,dense
5,245,45.0,45,0.9146287441253662,-1.0,0.0,0.6927987933158875,DQN_Entropy,0.0005,0.99,cartpole,dense
5,246,32.0,32,0.9129607081413269,-1.0,0.0,0.6927825212478638,DQN_Entropy,0.0005,0.99,cartpole,dense
5,247,22.0,22,0.8933805227279663,-1.0,0.0,0.6928117275238037,DQN_Entropy,0.0005,0.99,cartpole,dense
5,248,66.0,66,0.8892078399658203,-1.0,0.0,0.6928014159202576,DQN_Entropy,0.0005,0.99,cartpole,dense
5,249,15.0,15,0.8928777575492859,-1.0,0.0,0.692825436592102,DQN_Entropy,0.0005,0.99,cartpole,dense
5,250,48.0,48,0.8693485260009766,-1.0,0.0,0.6927973031997681,DQN_Entropy,0.0005,0.99,cartpole,dense
5,251,28.0,28,0.871428370475769,-1.0,0.0,0.6928097009658813,DQN_Entropy,0.0005,0.99,cartpole,dense
5,252,47.0,47,0.9597588181495667,-1.0,0.0,0.692828893661499,DQN_Entropy,0.0005,0.99,cartpole,dense
5,253,33.0,33,0.9488674998283386,-1.0,0.0,0.6927943229675293,DQN_Entropy,0.0005,0.99,cartpole,dense
5,254,84.0,84,0.9447952508926392,-1.0,0.0,0.6928049325942993,DQN_Entropy,0.0005,0.99,cartpole,dense
5,255,59.0,59,0.9312200546264648,-1.0,0.0,0.6927993297576904,DQN_Entropy,0.0005,0.99,cartpole,dense
5,256,30.0,30,0.9274194836616516,-1.0,0.0,0.6928275227546692,DQN_Entropy,0.0005,0.99,cartpole,dense
5,257,37.0,37,0.9234789609909058,-1.0,0.0,0.6928032636642456,DQN_Entropy,0.0005,0.99,cartpole,dense
5,258,23.0,23,0.9060845375061035,-1.0,0.0,0.6928221583366394,DQN_Entropy,0.0005,0.99,cartpole,dense
5,259,61.0,61,0.9060730934143066,-1.0,0.0,0.6927969455718994,DQN_Entropy,0.0005,0.99,cartpole,dense
5,260,55.0,55,0.9054365754127502,-1.0,0.0,0.6927963495254517,DQN_Entropy,0.0005,0.99,cartpole,dense
5,261,33.0,33,0.8923102021217346,-1.0,0.0,0.6927875280380249,DQN_Entropy,0.0005,0.99,cartpole,dense
5,262,49.0,49,0.8886154294013977,-1.0,0.0,0.6927692294120789,DQN_Entropy,0.0005,0.99,cartpole,dense
5,263,41.0,41,0.9574938416481018,-1.0,0.0,0.6928032636642456,DQN_Entropy,0.0005,0.99,cartpole,dense
5,264,39.0,39,0.9409924745559692,-1.0,0.0,0.6927686333656311,DQN_Entropy,0.0005,0.99,cartpole,dense
5,265,34.0,34,0.9450922608375549,-1.0,0.0,0.6928006410598755,DQN_Entropy,0.0005,0.99,cartpole,dense
5,266,36.0,36,0.9301556348800659,-1.0,0.0,0.6927809119224548,DQN_Entropy,0.0005,0.99,cartpole,dense
5,267,28.0,28,0.9190428853034973,-1.0,0.0,0.6927975416183472,DQN_Entropy,0.0005,0.99,cartpole,dense
5,268,38.0,38,0.9207197427749634,-1.0,0.0,0.6927915215492249,DQN_Entropy,0.0005,0.99,cartpole,dense
5,269,39.0,39,0.9201350212097168,-1.0,0.0,0.6928013563156128,DQN_Entropy,0.0005,0.99,cartpole,dense
5,270,31.0,31,0.898124098777771,-1.0,0.0,0.6927846670150757,DQN_Entropy,0.0005,0.99,cartpole,dense
5,271,31.0,31,0.8855234384536743,-1.0,0.0,0.692782461643219,DQN_Entropy,0.0005,0.99,cartpole,dense
5,272,35.0,35,0.883859395980835,-1.0,0.0,0.6927933096885681,DQN_Entropy,0.0005,0.99,cartpole,dense
5,273,48.0,48,0.8844370245933533,-1.0,0.0,0.6928143501281738,DQN_Entropy,0.0005,0.99,cartpole,dense
5,274,29.0,29,0.875838577747345,-1.0,0.0,0.6928042769432068,DQN_Entropy,0.0005,0.99,cartpole,dense
5,275,43.0,43,0.8636175990104675,-1.0,0.0,0.6927945613861084,DQN_Entropy,0.0005,0.99,cartpole,dense
5,276,33.0,33,0.8643607497215271,-1.0,0.0,0.6927934288978577,DQN_Entropy,0.0005,0.99,cartpole,dense
5,277,48.0,48,0.9520198106765747,-1.0,0.0,0.6928137540817261,DQN_Entropy,0.0005,0.99,cartpole,dense
5,278,50.0,50,0.9466183185577393,-1.0,0.0,0.6928092241287231,DQN_Entropy,0.0005,0.99,cartpole,dense
5,279,39.0,39,0.9366114139556885,-1.0,0.0,0.6927758455276489,DQN_Entropy,0.0005,0.99,cartpole,dense
5,280,26.0,26,0.9279329776763916,-1.0,0.0,0.6927586793899536,DQN_Entropy,0.0005,0.99,cartpole,dense
5,281,34.0,34,0.9238955974578857,-1.0,0.0,0.6927996873855591,DQN_Entropy,0.0005,0.99,cartpole,dense
5,282,41.0,41,0.9145316481590271,-1.0,0.0,0.6928038597106934,DQN_Entropy,0.0005,0.99,cartpole,dense
5,283,48.0,48,0.9124128222465515,-1.0,0.0,0.6927808523178101,DQN_Entropy,0.0005,0.99,cartpole,dense
5,284,20.0,20,0.9006555080413818,-1.0,0.0,0.6927956938743591,DQN_Entropy,0.0005,0.99,cartpole,dense
5,285,12.0,12,0.8851938247680664,-1.0,0.0,0.6927930116653442,DQN_Entropy,0.0005,0.99,cartpole,dense
5,286,32.0,32,0.8815933465957642,-1.0,0.0,0.6927735805511475,DQN_Entropy,0.0005,0.99,cartpole,dense
5,287,27.0,27,0.8766160011291504,-1.0,0.0,0.6927917003631592,DQN_Entropy,0.0005,0.99,cartpole,dense
5,288,40.0,40,0.8658572435379028,-1.0,0.0,0.6928017139434814,DQN_Entropy,0.0005,0.99,cartpole,dense
5,289,32.0,32,0.8524121642112732,-1.0,0.0,0.6927403211593628,DQN_Entropy,0.0005,0.99,cartpole,dense
5,290,38.0,38,0.8539998531341553,-1.0,0.0,0.6927703022956848,DQN_Entropy,0.0005,0.99,cartpole,dense
5,291,44.0,44,0.9483758211135864,-1.0,0.0,0.692786455154419,DQN_Entropy,0.0005,0.99,cartpole,dense
5,292,33.0,33,0.9499266743659973,-1.0,0.0,0.6927877068519592,DQN_Entropy,0.0005,0.99,cartpole,dense
5,293,47.0,47,0.9363527894020081,-1.0,0.0,0.6927903294563293,DQN_Entropy,0.0005,0.99,cartpole,dense
5,294,41.0,41,0.919170618057251,-1.0,0.0,0.6927860975265503,DQN_Entropy,0.0005,0.99,cartpole,dense
5,295,45.0,45,0.9112800359725952,-1.0,0.0,0.6927896738052368,DQN_Entropy,0.0005,0.99,cartpole,dense
5,296,37.0,37,0.8999419808387756,-1.0,0.0,0.692794919013977,DQN_Entropy,0.0005,0.99,cartpole,dense
5,297,37.0,37,0.9100315570831299,-1.0,0.0,0.6927933692932129,DQN_Entropy,0.0005,0.99,cartpole,dense
5,298,34.0,34,0.8937333822250366,-1.0,0.0,0.6927934885025024,DQN_Entropy,0.0005,0.99,cartpole,dense
5,299,69.0,69,0.8839101195335388,-1.0,0.0,0.6927809715270996,DQN_Entropy,0.0005,0.99,cartpole,dense
5,300,38.0,38,0.8715332746505737,-1.0,0.0,0.6927522420883179,DQN_Entropy,0.0005,0.99,cartpole,dense
5,301,50.0,50,0.8722468018531799,-1.0,0.0,0.6927908062934875,DQN_Entropy,0.0005,0.99,cartpole,dense
5,302,49.0,49,0.8697354197502136,-1.0,0.0,0.6928054690361023,DQN_Entropy,0.0005,0.99,cartpole,dense
5,303,55.0,55,0.9463039636611938,-1.0,0.0,0.6927783489227295,DQN_Entropy,0.0005,0.99,cartpole,dense
5,304,36.0,36,0.9549612402915955,-1.0,0.0,0.692747950553894,DQN_Entropy,0.0005,0.99,cartpole,dense
5,305,27.0,27,0.9167554974555969,-1.0,0.0,0.6927323341369629,DQN_Entropy,0.0005,0.99,cartpole,dense
5,306,26.0,26,0.9201677441596985,-1.0,0.0,0.6927799582481384,DQN_Entropy,0.0005,0.99,cartpole,dense
5,307,34.0,34,0.9181155562400818,-1.0,0.0,0.6927832961082458,DQN_Entropy,0.0005,0.99,cartpole,dense
5,308,39.0,39,0.895061731338501,-1.0,0.0,0.6927409172058105,DQN_Entropy,0.0005,0.99,cartpole,dense
5,309,28.0,28,0.8887925148010254,-1.0,0.0,0.6928125619888306,DQN_Entropy,0.0005,0.99,cartpole,dense
5,310,32.0,32,0.8811684250831604,-1.0,0.0,0.6927473545074463,DQN_Entropy,0.0005,0.99,cartpole,dense
5,311,40.0,40,0.8826241493225098,-1.0,0.0,0.6927807331085205,DQN_Entropy,0.0005,0.99,cartpole,dense
5,312,34.0,34,0.8616480231285095,-1.0,0.0,0.6927399039268494,DQN_Entropy,0.0005,0.99,cartpole,dense
5,313,34.0,34,0.859456479549408,-1.0,0.0,0.6927679777145386,DQN_Entropy,0.0005,0.99,cartpole,dense
5,314,35.0,35,0.8542454838752747,-1.0,0.0,0.6927929520606995,DQN_Entropy,0.0005,0.99,cartpole,dense
5,315,52.0,52,0.852290153503418,-1.0,0.0,0.6927698254585266,DQN_Entropy,0.0005,0.99,cartpole,dense
5,316,48.0,48,0.9406498670578003,-1.0,0.0,0.6927560567855835,DQN_Entropy,0.0005,0.99,cartpole,dense
5,317,31.0,31,0.9396715760231018,-1.0,0.0,0.6927465796470642,DQN_Entropy,0.0005,0.99,cartpole,dense
5,318,40.0,40,0.925904393196106,-1.0,0.0,0.6927635669708252,DQN_Entropy,0.0005,0.99,cartpole,dense
5,319,42.0,42,0.9205247163772583,-1.0,0.0,0.6927653551101685,DQN_Entropy,0.0005,0.99,cartpole,dense
5,320,53.0,53,0.913438081741333,-1.0,0.0,0.6927520036697388,DQN_Entropy,0.0005,0.99,cartpole,dense
5,321,36.0,36,0.9093530774116516,-1.0,0.0,0.6927474737167358,DQN_Entropy,0.0005,0.99,cartpole,dense
5,322,37.0,37,0.9018919467926025,-1.0,0.0,0.6927118897438049,DQN_Entropy,0.0005,0.99,cartpole,dense
5,323,29.0,29,0.8870894908905029,-1.0,0.0,0.6927663087844849,DQN_Entropy,0.0005,0.99,cartpole,dense
5,324,39.0,39,0.8704533576965332,-1.0,0.0,0.6927565932273865,DQN_Entropy,0.0005,0.99,cartpole,dense
5,325,32.0,32,0.8671261668205261,-1.0,0.0,0.6927652359008789,DQN_Entropy,0.0005,0.99,cartpole,dense
5,326,38.0,38,0.860105037689209,-1.0,0.0,0.6927535533905029,DQN_Entropy,0.0005,0.99,cartpole,dense
5,327,45.0,45,0.8474671244621277,-1.0,0.0,0.6927564144134521,DQN_Entropy,0.0005,0.99,cartpole,dense
5,328,64.0,64,0.8410432934761047,-1.0,0.0,0.6927453279495239,DQN_Entropy,0.0005,0.99,cartpole,dense
5,329,36.0,36,0.9507604837417603,-1.0,0.0,0.6926974058151245,DQN_Entropy,0.0005,0.99,cartpole,dense
5,330,38.0,38,0.9370336532592773,-1.0,0.0,0.6927365064620972,DQN_Entropy,0.0005,0.99,cartpole,dense
5,331,38.0,38,0.9252422451972961,-1.0,0.0,0.692746639251709,DQN_Entropy,0.0005,0.99,cartpole,dense
5,332,30.0,30,0.9332629442214966,-1.0,0.0,0.6927458047866821,DQN_Entropy,0.0005,0.99,cartpole,dense
5,333,35.0,35,0.905593752861023,-1.0,0.0,0.6927293539047241,DQN_Entropy,0.0005,0.99,cartpole,dense
5,334,36.0,36,0.9076488018035889,-1.0,0.0,0.692745566368103,DQN_Entropy,0.0005,0.99,cartpole,dense
5,335,51.0,51,0.8901693820953369,-1.0,0.0,0.6927354335784912,DQN_Entropy,0.0005,0.99,cartpole,dense
5,336,31.0,31,0.8752397298812866,-1.0,0.0,0.6927248239517212,DQN_Entropy,0.0005,0.99,cartpole,dense
5,337,34.0,34,0.8677124977111816,-1.0,0.0,0.6927738785743713,DQN_Entropy,0.0005,0.99,cartpole,dense
5,338,38.0,38,0.8691846132278442,-1.0,0.0,0.6927269697189331,DQN_Entropy,0.0005,0.99,cartpole,dense
5,339,32.0,32,0.8593964576721191,-1.0,0.0,0.6927319169044495,DQN_Entropy,0.0005,0.99,cartpole,dense
5,340,34.0,34,0.8446270227432251,-1.0,0.0,0.6927270889282227,DQN_Entropy,0.0005,0.99,cartpole,dense
5,341,28.0,28,0.8399012088775635,-1.0,0.0,0.6927259564399719,DQN_Entropy,0.0005,0.99,cartpole,dense
5,342,36.0,36,0.8232978582382202,-1.0,0.0,0.6927191019058228,DQN_Entropy,0.0005,0.99,cartpole,dense
5,343,41.0,41,0.9399958848953247,-1.0,0.0,0.6926769614219666,DQN_Entropy,0.0005,0.99,cartpole,dense
5,344,36.0,36,0.9400239586830139,-1.0,0.0,0.6927181482315063,DQN_Entropy,0.0005,0.99,cartpole,dense
5,345,35.0,35,0.9396718740463257,-1.0,0.0,0.6927374005317688,DQN_Entropy,0.0005,0.99,cartpole,dense
5,346,35.0,35,0.9171582460403442,-1.0,0.0,0.6927237510681152,DQN_Entropy,0.0005,0.99,cartpole,dense
5,347,25.0,25,0.9094254374504089,-1.0,0.0,0.6927289366722107,DQN_Entropy,0.0005,0.99,cartpole,dense
5,348,25.0,25,0.8953654170036316,-1.0,0.0,0.6926919221878052,DQN_Entropy,0.0005,0.99,cartpole,dense
5,349,30.0,30,0.891412079334259,-1.0,0.0,0.6927036046981812,DQN_Entropy,0.0005,0.99,cartpole,dense
5,350,33.0,33,0.8845219016075134,-1.0,0.0,0.6927309632301331,DQN_Entropy,0.0005,0.99,cartpole,dense
5,351,30.0,30,0.8728008270263672,-1.0,0.0,0.6926779747009277,DQN_Entropy,0.0005,0.99,cartpole,dense
5,352,25.0,25,0.8652714490890503,-1.0,0.0,0.6926988959312439,DQN_Entropy,0.0005,0.99,cartpole,dense
5,353,30.0,30,0.8568618893623352,-1.0,0.0,0.6926879286766052,DQN_Entropy,0.0005,0.99,cartpole,dense
5,354,35.0,35,0.8473000526428223,-1.0,0.0,0.6927210688591003,DQN_Entropy,0.0005,0.99,cartpole,dense
5,355,36.0,36,0.83549565076828,-1.0,0.0,0.6927289962768555,DQN_Entropy,0.0005,0.99,cartpole,dense
5,356,28.0,28,0.8269705772399902,-1.0,0.0,0.6927105188369751,DQN_Entropy,0.0005,0.99,cartpole,dense
5,357,32.0,32,0.8070680499076843,-1.0,0.0,0.6926945447921753,DQN_Entropy,0.0005,0.99,cartpole,dense
5,358,32.0,32,0.9513697624206543,-1.0,0.0,0.6926855444908142,DQN_Entropy,0.0005,0.99,cartpole,dense
5,359,39.0,39,0.9475264549255371,-1.0,0.0,0.692703902721405,DQN_Entropy,0.0005,0.99,cartpole,dense
5,360,32.0,32,0.9306167960166931,-1.0,0.0,0.6926846504211426,DQN_Entropy,0.0005,0.99,cartpole,dense
5,361,41.0,41,0.9175559282302856,-1.0,0.0,0.6927008628845215,DQN_Entropy,0.0005,0.99,cartpole,dense
5,362,28.0,28,0.9024374485015869,-1.0,0.0,0.6926912665367126,DQN_Entropy,0.0005,0.99,cartpole,dense
5,363,33.0,33,0.9001742005348206,-1.0,0.0,0.6926732063293457,DQN_Entropy,0.0005,0.99,cartpole,dense
5,364,41.0,41,0.8848039507865906,-1.0,0.0,0.6926875114440918,DQN_Entropy,0.0005,0.99,cartpole,dense
5,365,31.0,31,0.869481086730957,-1.0,0.0,0.692716121673584,DQN_Entropy,0.0005,0.99,cartpole,dense
5,366,34.0,34,0.8610539436340332,-1.0,0.0,0.6927450299263,DQN_Entropy,0.0005,0.99,cartpole,dense
5,367,34.0,34,0.8387172222137451,-1.0,0.0,0.6926814317703247,DQN_Entropy,0.0005,0.99,cartpole,dense
5,368,26.0,26,0.8507970571517944,-1.0,0.0,0.6926663517951965,DQN_Entropy,0.0005,0.99,cartpole,dense
5,369,34.0,34,0.82826167345047,-1.0,0.0,0.692702054977417,DQN_Entropy,0.0005,0.99,cartpole,dense
5,370,31.0,31,0.8253228664398193,-1.0,0.0,0.6926479339599609,DQN_Entropy,0.0005,0.99,cartpole,dense
5,371,37.0,37,0.8152064085006714,-1.0,0.0,0.6927176117897034,DQN_Entropy,0.0005,0.99,cartpole,dense
5,372,31.0,31,0.7959300875663757,-1.0,0.0,0.692664384841919,DQN_Entropy,0.0005,0.99,cartpole,dense
5,373,43.0,43,0.9438061714172363,-1.0,0.0,0.6926922798156738,DQN_Entropy,0.0005,0.99,cartpole,dense
5,374,35.0,35,0.9433185458183289,-1.0,0.0,0.6926404237747192,DQN_Entropy,0.0005,0.99,cartpole,dense
5,375,29.0,29,0.9226871728897095,-1.0,0.0,0.6926579475402832,DQN_Entropy,0.0005,0.99,cartpole,dense
5,376,25.0,25,0.9131359457969666,-1.0,0.0,0.6926764249801636,DQN_Entropy,0.0005,0.99,cartpole,dense
5,377,35.0,35,0.9009340405464172,-1.0,0.0,0.6926725506782532,DQN_Entropy,0.0005,0.99,cartpole,dense
5,378,35.0,35,0.8843112587928772,-1.0,0.0,0.6926534175872803,DQN_Entropy,0.0005,0.99,cartpole,dense
5,379,25.0,25,0.887894868850708,-1.0,0.0,0.6926912665367126,DQN_Entropy,0.0005,0.99,cartpole,dense
5,380,30.0,30,0.8538274168968201,-1.0,0.0,0.6925886869430542,DQN_Entropy,0.0005,0.99,cartpole,dense
5,381,36.0,36,0.8572056293487549,-1.0,0.0,0.6926316022872925,DQN_Entropy,0.0005,0.99,cartpole,dense
5,382,26.0,26,0.8450012803077698,-1.0,0.0,0.6926044225692749,DQN_Entropy,0.0005,0.99,cartpole,dense
5,383,25.0,25,0.8285184502601624,-1.0,0.0,0.6926559805870056,DQN_Entropy,0.0005,0.99,cartpole,dense
5,384,30.0,30,0.8188613653182983,-1.0,0.0,0.6926681995391846,DQN_Entropy,0.0005,0.99,cartpole,dense
5,385,24.0,24,0.8123379945755005,-1.0,0.0,0.6926602721214294,DQN_Entropy,0.0005,0.99,cartpole,dense
5,386,30.0,30,0.7938387393951416,-1.0,0.0,0.6926249265670776,DQN_Entropy,0.0005,0.99,cartpole,dense
5,387,35.0,35,0.7894924283027649,-1.0,0.0,0.6926296353340149,DQN_Entropy,0.0005,0.99,cartpole,dense
5,388,27.0,27,0.7806503772735596,-1.0,0.0,0.6926889419555664,DQN_Entropy,0.0005,0.99,cartpole,dense
5,389,27.0,27,0.9478132724761963,-1.0,0.0,0.6926693320274353,DQN_Entropy,0.0005,0.99,cartpole,dense
5,390,29.0,29,0.9319761991500854,-1.0,0.0,0.6926727890968323,DQN_Entropy,0.0005,0.99,cartpole,dense
5,391,31.0,31,0.9149665832519531,-1.0,0.0,0.6926385164260864,DQN_Entropy,0.0005,0.99,cartpole,dense
5,392,27.0,27,0.9166072607040405,-1.0,0.0,0.6926323175430298,DQN_Entropy,0.0005,0.99,cartpole,dense
5,393,23.0,23,0.8952071666717529,-1.0,0.0,0.6926470994949341,DQN_Entropy,0.0005,0.99,cartpole,dense
5,394,24.0,24,0.891066312789917,-1.0,0.0,0.6926075220108032,DQN_Entropy,0.0005,0.99,cartpole,dense
5,395,31.0,31,0.8715679049491882,-1.0,0.0,0.6926079988479614,DQN_Entropy,0.0005,0.99,cartpole,dense
5,396,24.0,24,0.854505181312561,-1.0,0.0,0.6926023364067078,DQN_Entropy,0.0005,0.99,cartpole,dense
5,397,28.0,28,0.8416857719421387,-1.0,0.0,0.6926299929618835,DQN_Entropy,0.0005,0.99,cartpole,dense
5,398,30.0,30,0.8423053622245789,-1.0,0.0,0.6926286220550537,DQN_Entropy,0.0005,0.99,cartpole,dense
5,399,30.0,30,0.8304875493049622,-1.0,0.0,0.6925999522209167,DQN_Entropy,0.0005,0.99,cartpole,dense
5,400,26.0,26,0.8099423050880432,-1.0,0.0,0.6926366090774536,DQN_Entropy,0.0005,0.99,cartpole,dense
5,401,24.0,24,0.8028228282928467,-1.0,0.0,0.6926294565200806,DQN_Entropy,0.0005,0.99,cartpole,dense
5,402,25.0,25,0.7895544171333313,-1.0,0.0,0.6925877332687378,DQN_Entropy,0.0005,0.99,cartpole,dense
5,403,29.0,29,0.7845712900161743,-1.0,0.0,0.692643404006958,DQN_Entropy,0.0005,0.99,cartpole,dense
5,404,23.0,23,0.7785767316818237,-1.0,0.0,0.6926411390304565,DQN_Entropy,0.0005,0.99,cartpole,dense
5,405,36.0,36,0.7539486885070801,-1.0,0.0,0.6926376819610596,DQN_Entropy,0.0005,0.99,cartpole,dense
5,406,32.0,32,0.7478280067443848,-1.0,0.0,0.6926565170288086,DQN_Entropy,0.0005,0.99,cartpole,dense
5,407,31.0,31,0.9534438252449036,-1.0,0.0,0.692623496055603,DQN_Entropy,0.0005,0.99,cartpole,dense
5,408,31.0,31,0.9396644234657288,-1.0,0.0,0.6926095485687256,DQN_Entropy,0.0005,0.99,cartpole,dense
5,409,32.0,32,0.9263123273849487,-1.0,0.0,0.6925877332687378,DQN_Entropy,0.0005,0.99,cartpole,dense
5,410,35.0,35,0.9109570384025574,-1.0,0.0,0.6925954818725586,DQN_Entropy,0.0005,0.99,cartpole,dense
5,411,23.0,23,0.8874031901359558,-1.0,0.0,0.6926080584526062,DQN_Entropy,0.0005,0.99,cartpole,dense
5,412,24.0,24,0.8869796991348267,-1.0,0.0,0.6926028728485107,DQN_Entropy,0.0005,0.99,cartpole,dense
5,413,21.0,21,0.86906498670578,-1.0,0.0,0.6926321983337402,DQN_Entropy,0.0005,0.99,cartpole,dense
5,414,30.0,30,0.8557145595550537,-1.0,0.0,0.6925688982009888,DQN_Entropy,0.0005,0.99,cartpole,dense
5,415,30.0,30,0.8480385541915894,-1.0,0.0,0.6925974488258362,DQN_Entropy,0.0005,0.99,cartpole,dense
5,416,22.0,22,0.834396243095398,-1.0,0.0,0.6926031112670898,DQN_Entropy,0.0005,0.99,cartpole,dense
5,417,25.0,25,0.8198899030685425,-1.0,0.0,0.692550778388977,DQN_Entropy,0.0005,0.99,cartpole,dense
5,418,33.0,33,0.8119685649871826,-1.0,0.0,0.6925700306892395,DQN_Entropy,0.0005,0.99,cartpole,dense
5,419,25.0,25,0.7796925902366638,-1.0,0.0,0.6925350427627563,DQN_Entropy,0.0005,0.99,cartpole,dense
5,420,25.0,25,0.7868019342422485,-1.0,0.0,0.6925283670425415,DQN_Entropy,0.0005,0.99,cartpole,dense
5,421,26.0,26,0.7629967927932739,-1.0,0.0,0.6926043629646301,DQN_Entropy,0.0005,0.99,cartpole,dense
5,422,25.0,25,0.7581490278244019,-1.0,0.0,0.6925822496414185,DQN_Entropy,0.0005,0.99,cartpole,dense
5,423,31.0,31,0.7493153810501099,-1.0,0.0,0.692489504814148,DQN_Entropy,0.0005,0.99,cartpole,dense
5,424,24.0,24,0.7325270771980286,-1.0,0.0,0.6925678849220276,DQN_Entropy,0.0005,0.99,cartpole,dense
5,425,25.0,25,0.7158480882644653,-1.0,0.0,0.6925809383392334,DQN_Entropy,0.0005,0.99,cartpole,dense
5,426,23.0,23,0.9558473825454712,-1.0,0.0,0.6925541162490845,DQN_Entropy,0.0005,0.99,cartpole,dense
5,427,31.0,31,0.9433345794677734,-1.0,0.0,0.6924839019775391,DQN_Entropy,0.0005,0.99,cartpole,dense
5,428,26.0,26,0.9311884641647339,-1.0,0.0,0.6924904584884644,DQN_Entropy,0.0005,0.99,cartpole,dense
5,429,24.0,24,0.908403754234314,-1.0,0.0,0.6925407648086548,DQN_Entropy,0.0005,0.99,cartpole,dense
5,430,29.0,29,0.8982408046722412,-1.0,0.0,0.6925473213195801,DQN_Entropy,0.0005,0.99,cartpole,dense
5,431,25.0,25,0.8777979016304016,-1.0,0.0,0.6925196647644043,DQN_Entropy,0.0005,0.99,cartpole,dense
5,432,21.0,21,0.866718590259552,-1.0,0.0,0.6925605535507202,DQN_Entropy,0.0005,0.99,cartpole,dense
5,433,25.0,25,0.8483641147613525,-1.0,0.0,0.6925646066665649,DQN_Entropy,0.0005,0.99,cartpole,dense
5,434,27.0,27,0.8273396492004395,-1.0,0.0,0.6925604343414307,DQN_Entropy,0.0005,0.99,cartpole,dense
5,435,26.0,26,0.8207886219024658,-1.0,0.0,0.6925039887428284,DQN_Entropy,0.0005,0.99,cartpole,dense
5,436,21.0,21,0.8154520988464355,-1.0,0.0,0.6925171613693237,DQN_Entropy,0.0005,0.99,cartpole,dense
5,437,24.0,24,0.791226863861084,-1.0,0.0,0.6925445199012756,DQN_Entropy,0.0005,0.99,cartpole,dense
5,438,29.0,29,0.7796132564544678,-1.0,0.0,0.6925204992294312,DQN_Entropy,0.0005,0.99,cartpole,dense
5,439,20.0,20,0.7731431722640991,-1.0,0.0,0.6924641132354736,DQN_Entropy,0.0005,0.99,cartpole,dense
5,440,25.0,25,0.7516381740570068,-1.0,0.0,0.6925005316734314,DQN_Entropy,0.0005,0.99,cartpole,dense
5,441,23.0,23,0.7374273538589478,-1.0,0.0,0.6924857497215271,DQN_Entropy,0.0005,0.99,cartpole,dense
5,442,22.0,22,0.7312615513801575,-1.0,0.0,0.6925041079521179,DQN_Entropy,0.0005,0.99,cartpole,dense
5,443,20.0,20,0.7172583341598511,-1.0,0.0,0.692488968372345,DQN_Entropy,0.0005,0.99,cartpole,dense
5,444,27.0,27,0.7023724913597107,-1.0,0.0,0.6924861669540405,DQN_Entropy,0.0005,0.99,cartpole,dense
5,445,21.0,21,0.6874332427978516,-1.0,0.0,0.6924633979797363,DQN_Entropy,0.0005,0.99,cartpole,dense
5,446,20.0,20,0.9655182957649231,-1.0,0.0,0.6924872398376465,DQN_Entropy,0.0005,0.99,cartpole,dense
5,447,19.0,19,0.9415110349655151,-1.0,0.0,0.6924698352813721,DQN_Entropy,0.0005,0.99,cartpole,dense
5,448,19.0,19,0.9324856400489807,-1.0,0.0,0.6924657225608826,DQN_Entropy,0.0005,0.99,cartpole,dense
5,449,25.0,25,0.9129472374916077,-1.0,0.0,0.6923782229423523,DQN_Entropy,0.0005,0.99,cartpole,dense
5,450,19.0,19,0.891431450843811,-1.0,0.0,0.6924055814743042,DQN_Entropy,0.0005,0.99,cartpole,dense
5,451,23.0,23,0.8787634968757629,-1.0,0.0,0.6924670338630676,DQN_Entropy,0.0005,0.99,cartpole,dense
5,452,22.0,22,0.8620557188987732,-1.0,0.0,0.6924684047698975,DQN_Entropy,0.0005,0.99,cartpole,dense
5,453,20.0,20,0.8397426009178162,-1.0,0.0,0.6924716234207153,DQN_Entropy,0.0005,0.99,cartpole,dense
5,454,18.0,18,0.8215322494506836,-1.0,0.0,0.692486047744751,DQN_Entropy,0.0005,0.99,cartpole,dense
5,455,22.0,22,0.8185626268386841,-1.0,0.0,0.6924395561218262,DQN_Entropy,0.0005,0.99,cartpole,dense
5,456,29.0,29,0.7935891151428223,-1.0,0.0,0.6924211382865906,DQN_Entropy,0.0005,0.99,cartpole,dense
5,457,30.0,30,0.7811422944068909,-1.0,0.0,0.6924326419830322,DQN_Entropy,0.0005,0.99,cartpole,dense
5,458,26.0,26,0.7743161916732788,-1.0,0.0,0.6923993229866028,DQN_Entropy,0.0005,0.99,cartpole,dense
5,459,18.0,18,0.7547858953475952,-1.0,0.0,0.6923814415931702,DQN_Entropy,0.0005,0.99,cartpole,dense
5,460,29.0,29,0.744660496711731,-1.0,0.0,0.6923826336860657,DQN_Entropy,0.0005,0.99,cartpole,dense
5,461,25.0,25,0.7268877625465393,-1.0,0.0,0.6923363208770752,DQN_Entropy,0.0005,0.99,cartpole,dense
5,462,19.0,19,0.7022379636764526,-1.0,0.0,0.6923559308052063,DQN_Entropy,0.0005,0.99,cartpole,dense
5,463,18.0,18,0.6876435875892639,-1.0,0.0,0.6924295425415039,DQN_Entropy,0.0005,0.99,cartpole,dense
5,464,32.0,32,0.6807698011398315,-1.0,0.0,0.6923521757125854,DQN_Entropy,0.0005,0.99,cartpole,dense
5,465,21.0,21,0.670898973941803,-1.0,0.0,0.6923705339431763,DQN_Entropy,0.0005,0.99,cartpole,dense
5,466,21.0,21,0.6575343608856201,-1.0,0.0,0.6923465728759766,DQN_Entropy,0.0005,0.99,cartpole,dense
5,467,16.0,16,0.6563936471939087,-1.0,0.0,0.6923613548278809,DQN_Entropy,0.0005,0.99,cartpole,dense
5,468,24.0,24,0.9710680842399597,-1.0,0.0,0.6923196911811829,DQN_Entropy,0.0005,0.99,cartpole,dense
5,469,24.0,24,0.9565897583961487,-1.0,0.0,0.6923441886901855,DQN_Entropy,0.0005,0.99,cartpole,dense
5,470,25.0,25,0.9300814270973206,-1.0,0.0,0.6923483610153198,DQN_Entropy,0.0005,0.99,cartpole,dense
5,471,18.0,18,0.9193432331085205,-1.0,0.0,0.6922463178634644,DQN_Entropy,0.0005,0.99,cartpole,dense
5,472,17.0,17,0.9021979570388794,-1.0,0.0,0.6923386454582214,DQN_Entropy,0.0005,0.99,cartpole,dense
5,473,18.0,18,0.8777909278869629,-1.0,0.0,0.692267119884491,DQN_Entropy,0.0005,0.99,cartpole,dense
5,474,28.0,28,0.8677782416343689,-1.0,0.0,0.6922608613967896,DQN_Entropy,0.0005,0.99,cartpole,dense
5,475,26.0,26,0.838823676109314,-1.0,0.0,0.692193865776062,DQN_Entropy,0.0005,0.99,cartpole,dense
5,476,26.0,26,0.8296759724617004,-1.0,0.0,0.6922380924224854,DQN_Entropy,0.0005,0.99,cartpole,dense
5,477,17.0,17,0.7985537648200989,-1.0,0.0,0.6923172473907471,DQN_Entropy,0.0005,0.99,cartpole,dense
5,478,29.0,29,0.7895010709762573,-1.0,0.0,0.6922764182090759,DQN_Entropy,0.0005,0.99,cartpole,dense
5,479,17.0,17,0.7778025269508362,-1.0,0.0,0.6922399997711182,DQN_Entropy,0.0005,0.99,cartpole,dense
5,480,24.0,24,0.7528756260871887,-1.0,0.0,0.692170262336731,DQN_Entropy,0.0005,0.99,cartpole,dense
5,481,23.0,23,0.7422081828117371,-1.0,0.0,0.6921589970588684,DQN_Entropy,0.0005,0.99,cartpole,dense
5,482,22.0,22,0.7176526784896851,-1.0,0.0,0.692221999168396,DQN_Entropy,0.0005,0.99,cartpole,dense
5,483,16.0,16,0.713970422744751,-1.0,0.0,0.692191481590271,DQN_Entropy,0.0005,0.99,cartpole,dense
5,484,17.0,17,0.6994518041610718,-1.0,0.0,0.6921482086181641,DQN_Entropy,0.0005,0.99,cartpole,dense
5,485,20.0,20,0.6730207204818726,-1.0,0.0,0.6921465396881104,DQN_Entropy,0.0005,0.99,cartpole,dense
5,486,17.0,17,0.6593108177185059,-1.0,0.0,0.6921685934066772,DQN_Entropy,0.0005,0.99,cartpole,dense
5,487,18.0,18,0.6513233184814453,-1.0,0.0,0.6920760869979858,DQN_Entropy,0.0005,0.99,cartpole,dense
5,488,17.0,17,0.6295962333679199,-1.0,0.0,0.6920799016952515,DQN_Entropy,0.0005,0.99,cartpole,dense
5,489,17.0,17,0.620766282081604,-1.0,0.0,0.6920940279960632,DQN_Entropy,0.0005,0.99,cartpole,dense
5,490,17.0,17,0.6076956391334534,-1.0,0.0,0.6920868158340454,DQN_Entropy,0.0005,0.99,cartpole,dense
5,491,20.0,20,0.5741853713989258,-1.0,0.0,0.6920987963676453,DQN_Entropy,0.0005,0.99,cartpole,dense
5,492,23.0,23,0.5794063806533813,-1.0,0.0,0.6920870542526245,DQN_Entropy,0.0005,0.99,cartpole,dense
5,493,17.0,17,0.9936078786849976,-1.0,0.0,0.6919996738433838,DQN_Entropy,0.0005,0.99,cartpole,dense
5,494,25.0,25,0.9862910509109497,-1.0,0.0,0.6920784115791321,DQN_Entropy,0.0005,0.99,cartpole,dense
5,495,21.0,21,0.9514251947402954,-1.0,0.0,0.6920067667961121,DQN_Entropy,0.0005,0.99,cartpole,dense
5,496,18.0,18,0.933562159538269,-1.0,0.0,0.6920009851455688,DQN_Entropy,0.0005,0.99,cartpole,dense
5,497,21.0,21,0.915575385093689,-1.0,0.0,0.6920071840286255,DQN_Entropy,0.0005,0.99,cartpole,dense
5,498,20.0,20,0.8923828601837158,-1.0,0.0,0.691937267780304,DQN_Entropy,0.0005,0.99,cartpole,dense
5,499,17.0,17,0.8783411979675293,-1.0,0.0,0.6919494867324829,DQN_Entropy,0.0005,0.99,cartpole,dense
5,500,17.0,17,0.8436347842216492,-1.0,0.0,0.6919586062431335,DQN_Entropy,0.0005,0.99,cartpole,dense
