seed,algorithm,learning_rate,gamma,final_mean_reward,final_success_rate,backend,devices,action,mean_length,wall_time_s,env_name,reward_type,env_reward,beta
0,DQN_RND,0.0005,0.95,9.359999656677246,0.0,[CpuDevice(id=0)],[CpuDevice(id=0)],greedy,9.359999656677246,339.430055627,cartpole,dense,cartpole_dense,0.1
1,DQN_RND,0.0005,0.95,9.329999923706056,0.0,[CpuDevice(id=0)],[CpuDevice(id=0)],greedy,9.329999923706056,337.3417154959998,cartpole,dense,cartpole_dense,0.1
2,DQN_RND,0.0005,0.95,12.6899995803833,0.0,[CpuDevice(id=0)],[CpuDevice(id=0)],greedy,12.6899995803833,347.88962164199984,cartpole,dense,cartpole_dense,0.1
3,DQN_RND,0.0005,0.95,9.309999465942385,0.0,[CpuDevice(id=0)],[CpuDevice(id=0)],greedy,9.309999465942385,346.003623607,cartpole,dense,cartpole_dense,0.1
4,DQN_RND,0.0005,0.95,9.34999942779541,0.0,[CpuDevice(id=0)],[CpuDevice(id=0)],greedy,9.34999942779541,359.5287620700001,cartpole,dense,cartpole_dense,0.1
5,DQN_RND,0.0005,0.95,9.380000114440918,0.0,[CpuDevice(id=0)],[CpuDevice(id=0)],greedy,9.380000114440918,357.5225005049997,cartpole,dense,cartpole_dense,0.1
6,DQN_RND,0.0005,0.95,9.420000076293944,0.0,[CpuDevice(id=0)],[CpuDevice(id=0)],greedy,9.420000076293944,355.6290824430007,cartpole,dense,cartpole_dense,0.1
7,DQN_RND,0.0005,0.95,9.449999809265137,0.0,[CpuDevice(id=0)],[CpuDevice(id=0)],greedy,9.449999809265137,355.6490064489999,cartpole,dense,cartpole_dense,0.1
8,DQN_RND,0.0005,0.95,44.31999969482422,0.0,[CpuDevice(id=0)],[CpuDevice(id=0)],greedy,44.31999969482422,349.35380926500056,cartpole,dense,cartpole_dense,0.1
9,DQN_RND,0.0005,0.95,9.309999465942385,0.0,[CpuDevice(id=0)],[CpuDevice(id=0)],greedy,9.309999465942385,348.7371439129993,cartpole,dense,cartpole_dense,0.1
0,DQN_RND,0.0005,0.95,9.359999656677246,0.0,[CpuDevice(id=0)],[CpuDevice(id=0)],greedy,9.359999656677246,345.044262546,cartpole,dense,cartpole_dense,1.0
1,DQN_RND,0.0005,0.95,9.329999923706056,0.0,[CpuDevice(id=0)],[CpuDevice(id=0)],greedy,9.329999923706056,343.49718365100125,cartpole,dense,cartpole_dense,1.0
2,DQN_RND,0.0005,0.95,11.460000038146973,0.0,[CpuDevice(id=0)],[CpuDevice(id=0)],greedy,11.460000038146973,355.79844327400133,cartpole,dense,cartpole_dense,1.0
3,DQN_RND,0.0005,0.95,9.309999465942385,0.0,[CpuDevice(id=0)],[CpuDevice(id=0)],greedy,9.309999465942385,353.7658133550012,cartpole,dense,cartpole_dense,1.0
4,DQN_RND,0.0005,0.95,9.34999942779541,0.0,[CpuDevice(id=0)],[CpuDevice(id=0)],greedy,9.34999942779541,354.2658858880004,cartpole,dense,cartpole_dense,1.0
5,DQN_RND,0.0005,0.95,9.380000114440918,0.0,[CpuDevice(id=0)],[CpuDevice(id=0)],greedy,9.380000114440918,352.0561097490008,cartpole,dense,cartpole_dense,1.0
6,DQN_RND,0.0005,0.95,9.420000076293944,0.0,[CpuDevice(id=0)],[CpuDevice(id=0)],greedy,9.420000076293944,359.8329454679988,cartpole,dense,cartpole_dense,1.0
7,DQN_RND,0.0005,0.95,9.449999809265137,0.0,[CpuDevice(id=0)],[CpuDevice(id=0)],greedy,9.449999809265137,359.83743828499973,cartpole,dense,cartpole_dense,1.0
8,DQN_RND,0.0005,0.95,40.91999816894531,0.0,[CpuDevice(id=0)],[CpuDevice(id=0)],greedy,40.91999816894531,351.3807905470003,cartpole,dense,cartpole_dense,1.0
9,DQN_RND,0.0005,0.95,9.309999465942385,0.0,[CpuDevice(id=0)],[CpuDevice(id=0)],greedy,9.309999465942385,351.20524509799907,cartpole,dense,cartpole_dense,1.0
0,DQN_RND,0.0005,0.99,9.359999656677246,0.0,[CpuDevice(id=0)],[CpuDevice(id=0)],greedy,9.359999656677246,370.7646083710024,cartpole,dense,cartpole_dense,0.1
1,DQN_RND,0.0005,0.99,9.329999923706056,0.0,[CpuDevice(id=0)],[CpuDevice(id=0)],greedy,9.329999923706056,368.884387899001,cartpole,dense,cartpole_dense,0.1
2,DQN_RND,0.0005,0.99,9.519999504089355,0.0,[CpuDevice(id=0)],[CpuDevice(id=0)],greedy,9.519999504089355,400.6800500330028,cartpole,dense,cartpole_dense,0.1
3,DQN_RND,0.0005,0.99,9.309999465942385,0.0,[CpuDevice(id=0)],[CpuDevice(id=0)],greedy,9.309999465942385,397.9115404760014,cartpole,dense,cartpole_dense,0.1
4,DQN_RND,0.0005,0.99,9.34999942779541,0.0,[CpuDevice(id=0)],[CpuDevice(id=0)],greedy,9.34999942779541,393.6169161189973,cartpole,dense,cartpole_dense,0.1
5,DQN_RND,0.0005,0.99,9.380000114440918,0.0,[CpuDevice(id=0)],[CpuDevice(id=0)],greedy,9.380000114440918,393.5950652289976,cartpole,dense,cartpole_dense,0.1
6,DQN_RND,0.0005,0.99,9.420000076293944,0.0,[CpuDevice(id=0)],[CpuDevice(id=0)],greedy,9.420000076293944,407.637392921999,cartpole,dense,cartpole_dense,0.1
7,DQN_RND,0.0005,0.99,9.449999809265137,0.0,[CpuDevice(id=0)],[CpuDevice(id=0)],greedy,9.449999809265137,407.6400273670006,cartpole,dense,cartpole_dense,0.1
8,DQN_RND,0.0005,0.99,9.460000038146973,0.0,[CpuDevice(id=0)],[CpuDevice(id=0)],greedy,9.460000038146973,392.860323091998,cartpole,dense,cartpole_dense,0.1
9,DQN_RND,0.0005,0.99,9.309999465942385,0.0,[CpuDevice(id=0)],[CpuDevice(id=0)],greedy,9.309999465942385,392.6959730629969,cartpole,dense,cartpole_dense,0.1
0,DQN_RND,0.0005,0.99,9.359999656677246,0.0,[CpuDevice(id=0)],[CpuDevice(id=0)],greedy,9.359999656677246,435.3084102099965,cartpole,dense,cartpole_dense,1.0
1,DQN_RND,0.0005,0.99,9.329999923706056,0.0,[CpuDevice(id=0)],[CpuDevice(id=0)],greedy,9.329999923706056,434.6918251690004,cartpole,dense,cartpole_dense,1.0
2,DQN_RND,0.0005,0.99,9.519999504089355,0.0,[CpuDevice(id=0)],[CpuDevice(id=0)],greedy,9.519999504089355,410.4241932320001,cartpole,dense,cartpole_dense,1.0
3,DQN_RND,0.0005,0.99,9.309999465942385,0.0,[CpuDevice(id=0)],[CpuDevice(id=0)],greedy,9.309999465942385,408.2651805900023,cartpole,dense,cartpole_dense,1.0
4,DQN_RND,0.0005,0.99,9.34999942779541,0.0,[CpuDevice(id=0)],[CpuDevice(id=0)],greedy,9.34999942779541,398.1280924680032,cartpole,dense,cartpole_dense,1.0
5,DQN_RND,0.0005,0.99,9.380000114440918,0.0,[CpuDevice(id=0)],[CpuDevice(id=0)],greedy,9.380000114440918,396.2923207369968,cartpole,dense,cartpole_dense,1.0
6,DQN_RND,0.0005,0.99,9.420000076293944,0.0,[CpuDevice(id=0)],[CpuDevice(id=0)],greedy,9.420000076293944,387.385421207,cartpole,dense,cartpole_dense,1.0
7,DQN_RND,0.0005,0.99,9.449999809265137,0.0,[CpuDevice(id=0)],[CpuDevice(id=0)],greedy,9.449999809265137,387.3655013789976,cartpole,dense,cartpole_dense,1.0
8,DQN_RND,0.0005,0.99,9.460000038146973,0.0,[CpuDevice(id=0)],[CpuDevice(id=0)],greedy,9.460000038146973,399.0035260500008,cartpole,dense,cartpole_dense,1.0
9,DQN_RND,0.0005,0.99,9.309999465942385,0.0,[CpuDevice(id=0)],[CpuDevice(id=0)],greedy,9.309999465942385,399.2448816049946,cartpole,dense,cartpole_dense,1.0
0,DQN_RND,0.001,0.95,57.64999771118164,0.0,[CpuDevice(id=0)],[CpuDevice(id=0)],greedy,57.64999771118164,359.3955322309994,cartpole,dense,cartpole_dense,0.1
1,DQN_RND,0.001,0.95,71.58000183105469,0.0,[CpuDevice(id=0)],[CpuDevice(id=0)],greedy,71.58000183105469,356.9270956149994,cartpole,dense,cartpole_dense,0.1
2,DQN_RND,0.001,0.95,104.68999481201172,0.1700000017881393,[CpuDevice(id=0)],[CpuDevice(id=0)],greedy,104.68999481201172,358.7311108970007,cartpole,dense,cartpole_dense,0.1
3,DQN_RND,0.001,0.95,101.0199966430664,0.0,[CpuDevice(id=0)],[CpuDevice(id=0)],greedy,101.0199966430664,357.92860936800025,cartpole,dense,cartpole_dense,0.1
4,DQN_RND,0.001,0.95,127.04000091552734,0.1499999910593032,[CpuDevice(id=0)],[CpuDevice(id=0)],greedy,127.04000091552734,346.757035617,cartpole,dense,cartpole_dense,0.1
5,DQN_RND,0.001,0.95,53.46999740600586,0.0,[CpuDevice(id=0)],[CpuDevice(id=0)],greedy,53.46999740600586,341.2068233480004,cartpole,dense,cartpole_dense,0.1
6,DQN_RND,0.001,0.95,23.96999931335449,0.0,[CpuDevice(id=0)],[CpuDevice(id=0)],greedy,23.96999931335449,343.112406536,cartpole,dense,cartpole_dense,0.1
7,DQN_RND,0.001,0.95,49.55999755859375,0.0,[CpuDevice(id=0)],[CpuDevice(id=0)],greedy,49.55999755859375,344.0014462190011,cartpole,dense,cartpole_dense,0.1
8,DQN_RND,0.001,0.95,50.79999923706055,0.0,[CpuDevice(id=0)],[CpuDevice(id=0)],greedy,50.79999923706055,355.0248461700012,cartpole,dense,cartpole_dense,0.1
9,DQN_RND,0.001,0.95,93.0999984741211,0.0199999995529651,[CpuDevice(id=0)],[CpuDevice(id=0)],greedy,93.0999984741211,356.05053449300067,cartpole,dense,cartpole_dense,0.1
0,DQN_RND,0.001,0.95,53.79999923706055,0.0,[CpuDevice(id=0)],[CpuDevice(id=0)],greedy,53.79999923706055,342.4716105019997,cartpole,dense,cartpole_dense,1.0
1,DQN_RND,0.001,0.95,60.87999725341797,0.0,[CpuDevice(id=0)],[CpuDevice(id=0)],greedy,60.87999725341797,340.5555366969984,cartpole,dense,cartpole_dense,1.0
2,DQN_RND,0.001,0.95,140.5399932861328,0.4399999976158142,[CpuDevice(id=0)],[CpuDevice(id=0)],greedy,140.5399932861328,355.2708066760006,cartpole,dense,cartpole_dense,1.0
3,DQN_RND,0.001,0.95,62.21999740600586,0.0,[CpuDevice(id=0)],[CpuDevice(id=0)],greedy,62.21999740600586,353.3097116579993,cartpole,dense,cartpole_dense,1.0
4,DQN_RND,0.001,0.95,116.14999389648438,0.1199999973177909,[CpuDevice(id=0)],[CpuDevice(id=0)],greedy,116.14999389648438,350.23730777200035,cartpole,dense,cartpole_dense,1.0
5,DQN_RND,0.001,0.95,58.89999771118164,0.0,[CpuDevice(id=0)],[CpuDevice(id=0)],greedy,58.89999771118164,347.45682159600074,cartpole,dense,cartpole_dense,1.0
6,DQN_RND,0.001,0.95,43.63999938964844,0.0,[CpuDevice(id=0)],[CpuDevice(id=0)],greedy,43.63999938964844,353.51699828299934,cartpole,dense,cartpole_dense,1.0
7,DQN_RND,0.001,0.95,61.3599967956543,0.0,[CpuDevice(id=0)],[CpuDevice(id=0)],greedy,61.3599967956543,353.58558358499977,cartpole,dense,cartpole_dense,1.0
8,DQN_RND,0.001,0.95,49.43000030517578,0.0,[CpuDevice(id=0)],[CpuDevice(id=0)],greedy,49.43000030517578,354.27140710300046,cartpole,dense,cartpole_dense,1.0
9,DQN_RND,0.001,0.95,56.78999710083008,0.0,[CpuDevice(id=0)],[CpuDevice(id=0)],greedy,56.78999710083008,354.6199255270003,cartpole,dense,cartpole_dense,1.0
0,DQN_RND,0.001,0.99,60.18999862670898,0.0,[CpuDevice(id=0)],[CpuDevice(id=0)],greedy,60.18999862670898,390.0548151559997,cartpole,dense,cartpole_dense,0.1
1,DQN_RND,0.001,0.99,51.47999954223633,0.0,[CpuDevice(id=0)],[CpuDevice(id=0)],greedy,51.47999954223633,387.5807865120005,cartpole,dense,cartpole_dense,0.1
2,DQN_RND,0.001,0.99,44.75,0.0,[CpuDevice(id=0)],[CpuDevice(id=0)],greedy,44.75,358.26833578100195,cartpole,dense,cartpole_dense,0.1
3,DQN_RND,0.001,0.99,68.33000183105469,0.0,[CpuDevice(id=0)],[CpuDevice(id=0)],greedy,68.33000183105469,359.3621195849992,cartpole,dense,cartpole_dense,0.1
4,DQN_RND,0.001,0.99,88.44999694824219,0.0099999997764825,[CpuDevice(id=0)],[CpuDevice(id=0)],greedy,88.44999694824219,361.362724820996,cartpole,dense,cartpole_dense,0.1
5,DQN_RND,0.001,0.99,74.55999755859375,0.0,[CpuDevice(id=0)],[CpuDevice(id=0)],greedy,74.55999755859375,358.5291466569979,cartpole,dense,cartpole_dense,0.1
6,DQN_RND,0.001,0.99,56.369998931884766,0.0,[CpuDevice(id=0)],[CpuDevice(id=0)],greedy,56.369998931884766,352.573048304,cartpole,dense,cartpole_dense,0.1
7,DQN_RND,0.001,0.99,44.04999923706055,0.0,[CpuDevice(id=0)],[CpuDevice(id=0)],greedy,44.04999923706055,352.445251048,cartpole,dense,cartpole_dense,0.1
8,DQN_RND,0.001,0.99,74.0,0.0,[CpuDevice(id=0)],[CpuDevice(id=0)],greedy,74.0,360.527481644,cartpole,dense,cartpole_dense,0.1
9,DQN_RND,0.001,0.99,61.21999740600586,0.0099999997764825,[CpuDevice(id=0)],[CpuDevice(id=0)],greedy,61.21999740600586,360.861086142,cartpole,dense,cartpole_dense,0.1
0,DQN_RND,0.001,0.99,56.27999877929688,0.0,[CpuDevice(id=0)],[CpuDevice(id=0)],greedy,56.27999877929688,359.77402397000003,cartpole,dense,cartpole_dense,1.0
1,DQN_RND,0.001,0.99,57.68000030517578,0.0,[CpuDevice(id=0)],[CpuDevice(id=0)],greedy,57.68000030517578,357.68493770299995,cartpole,dense,cartpole_dense,1.0
2,DQN_RND,0.001,0.99,37.14999771118164,0.0,[CpuDevice(id=0)],[CpuDevice(id=0)],greedy,37.14999771118164,360.522699524,cartpole,dense,cartpole_dense,1.0
3,DQN_RND,0.001,0.99,78.54999542236328,0.0,[CpuDevice(id=0)],[CpuDevice(id=0)],greedy,78.54999542236328,359.9882457210001,cartpole,dense,cartpole_dense,1.0
4,DQN_RND,0.001,0.99,46.369998931884766,0.0,[CpuDevice(id=0)],[CpuDevice(id=0)],greedy,46.369998931884766,360.0028770250001,cartpole,dense,cartpole_dense,1.0
5,DQN_RND,0.001,0.99,56.44999694824219,0.0,[CpuDevice(id=0)],[CpuDevice(id=0)],greedy,56.44999694824219,361.59947866900006,cartpole,dense,cartpole_dense,1.0
6,DQN_RND,0.001,0.99,62.66999816894531,0.0,[CpuDevice(id=0)],[CpuDevice(id=0)],greedy,62.66999816894531,362.4353932309998,cartpole,dense,cartpole_dense,1.0
7,DQN_RND,0.001,0.99,50.55999755859375,0.0,[CpuDevice(id=0)],[CpuDevice(id=0)],greedy,50.55999755859375,363.19459405600014,cartpole,dense,cartpole_dense,1.0
8,DQN_RND,0.001,0.99,76.86000061035156,0.0,[CpuDevice(id=0)],[CpuDevice(id=0)],greedy,76.86000061035156,362.6799722669998,cartpole,dense,cartpole_dense,1.0
9,DQN_RND,0.001,0.99,92.75,0.0099999997764825,[CpuDevice(id=0)],[CpuDevice(id=0)],greedy,92.75,364.61143056300034,cartpole,dense,cartpole_dense,1.0
0,DQN_RND,0.01,0.95,200.0,1.0,[CpuDevice(id=0)],[CpuDevice(id=0)],greedy,200.0,255.00871123100023,cartpole,dense,cartpole_dense,0.1
1,DQN_RND,0.01,0.95,149.67999267578125,0.0,[CpuDevice(id=0)],[CpuDevice(id=0)],greedy,149.67999267578125,358.55357839,cartpole,dense,cartpole_dense,0.1
2,DQN_RND,0.01,0.95,200.0,1.0,[CpuDevice(id=0)],[CpuDevice(id=0)],greedy,200.0,332.4893469860003,cartpole,dense,cartpole_dense,0.1
3,DQN_RND,0.01,0.95,194.47999572753903,0.5299999713897705,[CpuDevice(id=0)],[CpuDevice(id=0)],greedy,194.47999572753903,369.6174526560003,cartpole,dense,cartpole_dense,0.1
4,DQN_RND,0.01,0.95,184.3000030517578,0.3700000047683716,[CpuDevice(id=0)],[CpuDevice(id=0)],greedy,184.3000030517578,380.4099264510001,cartpole,dense,cartpole_dense,0.1
5,DQN_RND,0.01,0.95,199.92999267578125,0.9699999690055848,[CpuDevice(id=0)],[CpuDevice(id=0)],greedy,199.92999267578125,376.585848796,cartpole,dense,cartpole_dense,0.1
6,DQN_RND,0.01,0.95,200.0,1.0,[CpuDevice(id=0)],[CpuDevice(id=0)],greedy,200.0,324.92892258500024,cartpole,dense,cartpole_dense,0.1
7,DQN_RND,0.01,0.95,200.0,1.0,[CpuDevice(id=0)],[CpuDevice(id=0)],greedy,200.0,255.58125190200008,cartpole,dense,cartpole_dense,0.1
8,DQN_RND,0.01,0.95,198.75999450683597,0.8700000047683716,[CpuDevice(id=0)],[CpuDevice(id=0)],greedy,198.75999450683597,246.80461095700048,cartpole,dense,cartpole_dense,0.1
9,DQN_RND,0.01,0.95,200.0,1.0,[CpuDevice(id=0)],[CpuDevice(id=0)],greedy,200.0,318.01768359699963,cartpole,dense,cartpole_dense,0.1
0,DQN_RND,0.01,0.95,200.0,1.0,[CpuDevice(id=0)],[CpuDevice(id=0)],greedy,200.0,364.5899908190004,cartpole,dense,cartpole_dense,1.0
1,DQN_RND,0.01,0.95,200.0,1.0,[CpuDevice(id=0)],[CpuDevice(id=0)],greedy,200.0,324.96242574200005,cartpole,dense,cartpole_dense,1.0
2,DQN_RND,0.01,0.95,200.0,1.0,[CpuDevice(id=0)],[CpuDevice(id=0)],greedy,200.0,249.59629152100024,cartpole,dense,cartpole_dense,1.0
3,DQN_RND,0.01,0.95,200.0,1.0,[CpuDevice(id=0)],[CpuDevice(id=0)],greedy,200.0,214.4506530430008,cartpole,dense,cartpole_dense,1.0
4,DQN_RND,0.01,0.95,183.47000122070312,0.209999993443489,[CpuDevice(id=0)],[CpuDevice(id=0)],greedy,183.47000122070312,370.4263345520003,cartpole,dense,cartpole_dense,1.0
5,DQN_RND,0.01,0.95,199.97000122070312,0.9899999499320984,[CpuDevice(id=0)],[CpuDevice(id=0)],greedy,199.97000122070312,369.5413896440005,cartpole,dense,cartpole_dense,1.0
6,DQN_RND,0.01,0.95,200.0,1.0,[CpuDevice(id=0)],[CpuDevice(id=0)],greedy,200.0,365.02411429600033,cartpole,dense,cartpole_dense,1.0
7,DQN_RND,0.01,0.95,200.0,1.0,[CpuDevice(id=0)],[CpuDevice(id=0)],greedy,200.0,329.4651869930003,cartpole,dense,cartpole_dense,1.0
8,DQN_RND,0.01,0.95,200.0,1.0,[CpuDevice(id=0)],[CpuDevice(id=0)],greedy,200.0,366.397837126,cartpole,dense,cartpole_dense,1.0
9,DQN_RND,0.01,0.95,200.0,1.0,[CpuDevice(id=0)],[CpuDevice(id=0)],greedy,200.0,367.9671823110002,cartpole,dense,cartpole_dense,1.0
0,DQN_RND,0.01,0.99,139.25,0.0,[CpuDevice(id=0)],[CpuDevice(id=0)],greedy,139.25,464.3195506310003,cartpole,dense,cartpole_dense,0.1
1,DQN_RND,0.01,0.99,186.4499969482422,0.0799999982118606,[CpuDevice(id=0)],[CpuDevice(id=0)],greedy,186.4499969482422,465.0054464210007,cartpole,dense,cartpole_dense,0.1
2,DQN_RND,0.01,0.99,175.38999938964844,0.0199999995529651,[CpuDevice(id=0)],[CpuDevice(id=0)],greedy,175.38999938964844,398.7405338399985,cartpole,dense,cartpole_dense,0.1
3,DQN_RND,0.01,0.99,101.75999450683594,0.0,[CpuDevice(id=0)],[CpuDevice(id=0)],greedy,101.75999450683594,394.1085490330006,cartpole,dense,cartpole_dense,0.1
4,DQN_RND,0.01,0.99,111.18999481201172,0.0,[CpuDevice(id=0)],[CpuDevice(id=0)],greedy,111.18999481201172,402.54704980399765,cartpole,dense,cartpole_dense,0.1
5,DQN_RND,0.01,0.99,162.87998962402344,0.0199999995529651,[CpuDevice(id=0)],[CpuDevice(id=0)],greedy,162.87998962402344,405.3276666070015,cartpole,dense,cartpole_dense,0.1
6,DQN_RND,0.01,0.99,150.7899932861328,0.0,[CpuDevice(id=0)],[CpuDevice(id=0)],greedy,150.7899932861328,394.3429913050022,cartpole,dense,cartpole_dense,0.1
7,DQN_RND,0.01,0.99,184.33999633789065,0.0099999997764825,[CpuDevice(id=0)],[CpuDevice(id=0)],greedy,184.33999633789065,393.6280976919989,cartpole,dense,cartpole_dense,0.1
8,DQN_RND,0.01,0.99,193.239990234375,0.429999977350235,[CpuDevice(id=0)],[CpuDevice(id=0)],greedy,193.239990234375,400.5276352559995,cartpole,dense,cartpole_dense,0.1
9,DQN_RND,0.01,0.99,135.14999389648438,0.0,[CpuDevice(id=0)],[CpuDevice(id=0)],greedy,135.14999389648438,400.6973749659992,cartpole,dense,cartpole_dense,0.1
0,DQN_RND,0.01,0.99,131.9199981689453,0.0,[CpuDevice(id=0)],[CpuDevice(id=0)],greedy,131.9199981689453,390.3364693040021,cartpole,dense,cartpole_dense,1.0
1,DQN_RND,0.01,0.99,190.62998962402344,0.5899999737739563,[CpuDevice(id=0)],[CpuDevice(id=0)],greedy,190.62998962402344,392.93582601399976,cartpole,dense,cartpole_dense,1.0
2,DQN_RND,0.01,0.99,199.87998962402344,0.9699999690055848,[CpuDevice(id=0)],[CpuDevice(id=0)],greedy,199.87998962402344,275.90286410200133,cartpole,dense,cartpole_dense,1.0
3,DQN_RND,0.01,0.99,200.0,1.0,[CpuDevice(id=0)],[CpuDevice(id=0)],greedy,200.0,387.2398630860007,cartpole,dense,cartpole_dense,1.0
4,DQN_RND,0.01,0.99,136.9199981689453,0.0,[CpuDevice(id=0)],[CpuDevice(id=0)],greedy,136.9199981689453,382.5699250519974,cartpole,dense,cartpole_dense,1.0
5,DQN_RND,0.01,0.99,184.6199951171875,0.0700000002980232,[CpuDevice(id=0)],[CpuDevice(id=0)],greedy,184.6199951171875,392.0349047920026,cartpole,dense,cartpole_dense,1.0
6,DQN_RND,0.01,0.99,198.77999877929688,0.8700000047683716,[CpuDevice(id=0)],[CpuDevice(id=0)],greedy,198.77999877929688,414.0295898730001,cartpole,dense,cartpole_dense,1.0
7,DQN_RND,0.01,0.99,163.52999877929688,0.0,[CpuDevice(id=0)],[CpuDevice(id=0)],greedy,163.52999877929688,419.5495071790028,cartpole,dense,cartpole_dense,1.0
8,DQN_RND,0.01,0.99,9.460000038146973,0.0,[CpuDevice(id=0)],[CpuDevice(id=0)],greedy,9.460000038146973,397.0710642699996,cartpole,dense,cartpole_dense,1.0
9,DQN_RND,0.01,0.99,180.5399932861328,0.0099999997764825,[CpuDevice(id=0)],[CpuDevice(id=0)],greedy,180.5399932861328,404.1764134600016,cartpole,dense,cartpole_dense,1.0
0,DQN_RND,0.0005,0.95,1.0,0.0,[CpuDevice(id=0)],[CpuDevice(id=0)],greedy,26.459999084472656,347.56897946200115,cartpole,sparse,cartpole_sparse,0.1
1,DQN_RND,0.0005,0.95,1.0,0.0,[CpuDevice(id=0)],[CpuDevice(id=0)],greedy,9.31999969482422,344.33334958699925,cartpole,sparse,cartpole_sparse,0.1
2,DQN_RND,0.0005,0.95,1.0,0.0,[CpuDevice(id=0)],[CpuDevice(id=0)],greedy,27.189998626708984,358.83026424999844,cartpole,sparse,cartpole_sparse,0.1
3,DQN_RND,0.0005,0.95,1.0,0.0,[CpuDevice(id=0)],[CpuDevice(id=0)],greedy,9.309999465942385,354.1375378490011,cartpole,sparse,cartpole_sparse,0.1
4,DQN_RND,0.0005,0.95,1.0,0.0,[CpuDevice(id=0)],[CpuDevice(id=0)],greedy,9.359999656677246,354.36091843900067,cartpole,sparse,cartpole_sparse,0.1
5,DQN_RND,0.0005,0.95,1.0,0.0,[CpuDevice(id=0)],[CpuDevice(id=0)],greedy,70.0199966430664,364.3660584040008,cartpole,sparse,cartpole_sparse,0.1
6,DQN_RND,0.0005,0.95,1.0,0.0,[CpuDevice(id=0)],[CpuDevice(id=0)],greedy,21.0,356.0047252149998,cartpole,sparse,cartpole_sparse,0.1
7,DQN_RND,0.0005,0.95,1.0,0.0,[CpuDevice(id=0)],[CpuDevice(id=0)],greedy,9.429999351501465,346.5540722540027,cartpole,sparse,cartpole_sparse,0.1
8,DQN_RND,0.0005,0.95,1.0,0.0,[CpuDevice(id=0)],[CpuDevice(id=0)],greedy,20.279998779296875,352.5491602229995,cartpole,sparse,cartpole_sparse,0.1
9,DQN_RND,0.0005,0.95,1.0,0.0,[CpuDevice(id=0)],[CpuDevice(id=0)],greedy,19.35999870300293,358.026660214,cartpole,sparse,cartpole_sparse,0.1
0,DQN_RND,0.0005,0.95,1.0,0.0,[CpuDevice(id=0)],[CpuDevice(id=0)],greedy,27.03999900817871,356.8852529890028,cartpole,sparse,cartpole_sparse,1.0
1,DQN_RND,0.0005,0.95,1.0,0.0,[CpuDevice(id=0)],[CpuDevice(id=0)],greedy,9.31999969482422,353.6765151250001,cartpole,sparse,cartpole_sparse,1.0
2,DQN_RND,0.0005,0.95,1.0,0.0,[CpuDevice(id=0)],[CpuDevice(id=0)],greedy,27.479999542236328,361.33480613400025,cartpole,sparse,cartpole_sparse,1.0
3,DQN_RND,0.0005,0.95,1.0,0.0,[CpuDevice(id=0)],[CpuDevice(id=0)],greedy,9.309999465942385,356.5860646309993,cartpole,sparse,cartpole_sparse,1.0
4,DQN_RND,0.0005,0.95,1.0,0.0,[CpuDevice(id=0)],[CpuDevice(id=0)],greedy,9.359999656677246,355.10297532700133,cartpole,sparse,cartpole_sparse,1.0
5,DQN_RND,0.0005,0.95,1.0,0.0,[CpuDevice(id=0)],[CpuDevice(id=0)],greedy,62.37999725341797,362.09550766699977,cartpole,sparse,cartpole_sparse,1.0
6,DQN_RND,0.0005,0.95,1.0,0.0,[CpuDevice(id=0)],[CpuDevice(id=0)],greedy,20.920000076293945,347.0475200100009,cartpole,sparse,cartpole_sparse,1.0
7,DQN_RND,0.0005,0.95,1.0,0.0,[CpuDevice(id=0)],[CpuDevice(id=0)],greedy,9.429999351501465,346.9377882049994,cartpole,sparse,cartpole_sparse,1.0
8,DQN_RND,0.0005,0.95,1.0,0.0,[CpuDevice(id=0)],[CpuDevice(id=0)],greedy,20.209999084472656,353.84376515299664,cartpole,sparse,cartpole_sparse,1.0
9,DQN_RND,0.0005,0.95,1.0,0.0,[CpuDevice(id=0)],[CpuDevice(id=0)],greedy,27.69999885559082,358.7651954559988,cartpole,sparse,cartpole_sparse,1.0
0,DQN_RND,0.0005,0.99,1.0,0.0,[CpuDevice(id=0)],[CpuDevice(id=0)],greedy,17.440000534057617,358.4797923000005,cartpole,sparse,cartpole_sparse,0.1
1,DQN_RND,0.0005,0.99,1.0,0.0,[CpuDevice(id=0)],[CpuDevice(id=0)],greedy,9.31999969482422,355.7877994070004,cartpole,sparse,cartpole_sparse,0.1
2,DQN_RND,0.0005,0.99,1.0,0.0,[CpuDevice(id=0)],[CpuDevice(id=0)],greedy,25.60999870300293,360.1013513049984,cartpole,sparse,cartpole_sparse,0.1
3,DQN_RND,0.0005,0.99,1.0,0.0,[CpuDevice(id=0)],[CpuDevice(id=0)],greedy,9.309999465942385,355.42544145699867,cartpole,sparse,cartpole_sparse,0.1
4,DQN_RND,0.0005,0.99,1.0,0.0,[CpuDevice(id=0)],[CpuDevice(id=0)],greedy,9.359999656677246,355.4150762930003,cartpole,sparse,cartpole_sparse,0.1
5,DQN_RND,0.0005,0.99,1.0,0.0,[CpuDevice(id=0)],[CpuDevice(id=0)],greedy,64.29999542236328,366.16613141500056,cartpole,sparse,cartpole_sparse,0.1
6,DQN_RND,0.0005,0.99,1.0,0.0,[CpuDevice(id=0)],[CpuDevice(id=0)],greedy,20.84000015258789,348.66913810700134,cartpole,sparse,cartpole_sparse,0.1
7,DQN_RND,0.0005,0.99,1.0,0.0,[CpuDevice(id=0)],[CpuDevice(id=0)],greedy,9.429999351501465,348.5857394070008,cartpole,sparse,cartpole_sparse,0.1
8,DQN_RND,0.0005,0.99,1.0,0.0,[CpuDevice(id=0)],[CpuDevice(id=0)],greedy,19.68000030517578,354.717507409001,cartpole,sparse,cartpole_sparse,0.1
9,DQN_RND,0.0005,0.99,1.0,0.0,[CpuDevice(id=0)],[CpuDevice(id=0)],greedy,35.939998626708984,359.8797675829992,cartpole,sparse,cartpole_sparse,0.1
0,DQN_RND,0.0005,0.99,1.0,0.0,[CpuDevice(id=0)],[CpuDevice(id=0)],greedy,18.86999893188477,355.5713366969976,cartpole,sparse,cartpole_sparse,1.0
1,DQN_RND,0.0005,0.99,1.0,0.0,[CpuDevice(id=0)],[CpuDevice(id=0)],greedy,9.31999969482422,352.50580826700025,cartpole,sparse,cartpole_sparse,1.0
2,DQN_RND,0.0005,0.99,1.0,0.0,[CpuDevice(id=0)],[CpuDevice(id=0)],greedy,27.170000076293945,359.993720216,cartpole,sparse,cartpole_sparse,1.0
3,DQN_RND,0.0005,0.99,1.0,0.0,[CpuDevice(id=0)],[CpuDevice(id=0)],greedy,9.309999465942385,355.86942137000005,cartpole,sparse,cartpole_sparse,1.0
4,DQN_RND,0.0005,0.99,1.0,0.0,[CpuDevice(id=0)],[CpuDevice(id=0)],greedy,9.359999656677246,354.4865210400021,cartpole,sparse,cartpole_sparse,1.0
5,DQN_RND,0.0005,0.99,1.0,0.0,[CpuDevice(id=0)],[CpuDevice(id=0)],greedy,64.66999816894531,364.087836576,cartpole,sparse,cartpole_sparse,1.0
6,DQN_RND,0.0005,0.99,1.0,0.0,[CpuDevice(id=0)],[CpuDevice(id=0)],greedy,21.19999885559082,348.4150518530005,cartpole,sparse,cartpole_sparse,1.0
7,DQN_RND,0.0005,0.99,1.0,0.0,[CpuDevice(id=0)],[CpuDevice(id=0)],greedy,9.429999351501465,348.34761388100014,cartpole,sparse,cartpole_sparse,1.0
8,DQN_RND,0.0005,0.99,1.0,0.0,[CpuDevice(id=0)],[CpuDevice(id=0)],greedy,19.51000022888184,353.59742017700046,cartpole,sparse,cartpole_sparse,1.0
9,DQN_RND,0.0005,0.99,1.0,0.0,[CpuDevice(id=0)],[CpuDevice(id=0)],greedy,21.78999900817871,359.1061782979996,cartpole,sparse,cartpole_sparse,1.0
0,DQN_RND,0.001,0.95,1.0,0.0,[CpuDevice(id=0)],[CpuDevice(id=0)],greedy,9.359999656677246,353.13743709999835,cartpole,sparse,cartpole_sparse,0.1
1,DQN_RND,0.001,0.95,1.0,0.0,[CpuDevice(id=0)],[CpuDevice(id=0)],greedy,9.31999969482422,352.1199644320004,cartpole,sparse,cartpole_sparse,0.1
2,DQN_RND,0.001,0.95,1.0,0.0,[CpuDevice(id=0)],[CpuDevice(id=0)],greedy,17.739999771118164,355.3082471939997,cartpole,sparse,cartpole_sparse,0.1
3,DQN_RND,0.001,0.95,1.0,0.0,[CpuDevice(id=0)],[CpuDevice(id=0)],greedy,28.53999900817871,356.10986944199976,cartpole,sparse,cartpole_sparse,0.1
4,DQN_RND,0.001,0.95,1.0,0.0,[CpuDevice(id=0)],[CpuDevice(id=0)],greedy,20.799999237060547,355.53803702100413,cartpole,sparse,cartpole_sparse,0.1
5,DQN_RND,0.001,0.95,1.0,0.0,[CpuDevice(id=0)],[CpuDevice(id=0)],greedy,23.68000030517578,358.7500081239996,cartpole,sparse,cartpole_sparse,0.1
6,DQN_RND,0.001,0.95,1.0,0.0,[CpuDevice(id=0)],[CpuDevice(id=0)],greedy,14.719999313354492,356.8491717020006,cartpole,sparse,cartpole_sparse,0.1
7,DQN_RND,0.001,0.95,1.0,0.0,[CpuDevice(id=0)],[CpuDevice(id=0)],greedy,9.429999351501465,358.266689297001,cartpole,sparse,cartpole_sparse,0.1
8,DQN_RND,0.001,0.95,1.0,0.0,[CpuDevice(id=0)],[CpuDevice(id=0)],greedy,12.649999618530272,356.5520624960045,cartpole,sparse,cartpole_sparse,0.1
9,DQN_RND,0.001,0.95,1.0,0.0,[CpuDevice(id=0)],[CpuDevice(id=0)],greedy,20.6299991607666,359.53250729799765,cartpole,sparse,cartpole_sparse,0.1
0,DQN_RND,0.001,0.95,1.0,0.0,[CpuDevice(id=0)],[CpuDevice(id=0)],greedy,9.359999656677246,356.9127403160019,cartpole,sparse,cartpole_sparse,1.0
1,DQN_RND,0.001,0.95,1.0,0.0,[CpuDevice(id=0)],[CpuDevice(id=0)],greedy,9.31999969482422,357.9050186780005,cartpole,sparse,cartpole_sparse,1.0
2,DQN_RND,0.001,0.95,1.0,0.0,[CpuDevice(id=0)],[CpuDevice(id=0)],greedy,17.079999923706055,357.45228865899844,cartpole,sparse,cartpole_sparse,1.0
3,DQN_RND,0.001,0.95,1.0,0.0,[CpuDevice(id=0)],[CpuDevice(id=0)],greedy,25.51999855041504,356.8726985059984,cartpole,sparse,cartpole_sparse,1.0
4,DQN_RND,0.001,0.95,1.0,0.0,[CpuDevice(id=0)],[CpuDevice(id=0)],greedy,19.13999938964844,356.78495577199647,cartpole,sparse,cartpole_sparse,1.0
5,DQN_RND,0.001,0.95,1.0,0.0,[CpuDevice(id=0)],[CpuDevice(id=0)],greedy,23.549999237060547,360.7897461550019,cartpole,sparse,cartpole_sparse,1.0
6,DQN_RND,0.001,0.95,1.0,0.0,[CpuDevice(id=0)],[CpuDevice(id=0)],greedy,14.75,357.9490474370032,cartpole,sparse,cartpole_sparse,1.0
7,DQN_RND,0.001,0.95,1.0,0.0,[CpuDevice(id=0)],[CpuDevice(id=0)],greedy,9.429999351501465,356.7754378949976,cartpole,sparse,cartpole_sparse,1.0
8,DQN_RND,0.001,0.95,1.0,0.0,[CpuDevice(id=0)],[CpuDevice(id=0)],greedy,12.639999389648438,355.1981273010024,cartpole,sparse,cartpole_sparse,1.0
9,DQN_RND,0.001,0.95,1.0,0.0,[CpuDevice(id=0)],[CpuDevice(id=0)],greedy,9.609999656677246,356.5847736990036,cartpole,sparse,cartpole_sparse,1.0
0,DQN_RND,0.001,0.99,1.0,0.0,[CpuDevice(id=0)],[CpuDevice(id=0)],greedy,9.359999656677246,356.3437783349982,cartpole,sparse,cartpole_sparse,0.1
1,DQN_RND,0.001,0.99,1.0,0.0,[CpuDevice(id=0)],[CpuDevice(id=0)],greedy,9.31999969482422,356.1370946080024,cartpole,sparse,cartpole_sparse,0.1
2,DQN_RND,0.001,0.99,1.0,0.0,[CpuDevice(id=0)],[CpuDevice(id=0)],greedy,16.03999900817871,356.53780936600015,cartpole,sparse,cartpole_sparse,0.1
3,DQN_RND,0.001,0.99,1.0,0.0,[CpuDevice(id=0)],[CpuDevice(id=0)],greedy,27.68000030517578,356.60091727300096,cartpole,sparse,cartpole_sparse,0.1
4,DQN_RND,0.001,0.99,1.0,0.0,[CpuDevice(id=0)],[CpuDevice(id=0)],greedy,18.63999938964844,354.6233815140004,cartpole,sparse,cartpole_sparse,0.1
5,DQN_RND,0.001,0.99,1.0,0.0,[CpuDevice(id=0)],[CpuDevice(id=0)],greedy,22.920000076293945,358.6103988379982,cartpole,sparse,cartpole_sparse,0.1
6,DQN_RND,0.001,0.99,1.0,0.0,[CpuDevice(id=0)],[CpuDevice(id=0)],greedy,14.519999504089355,357.84153517400046,cartpole,sparse,cartpole_sparse,0.1
7,DQN_RND,0.001,0.99,1.0,0.0,[CpuDevice(id=0)],[CpuDevice(id=0)],greedy,9.429999351501465,355.2693630549984,cartpole,sparse,cartpole_sparse,0.1
8,DQN_RND,0.001,0.99,1.0,0.0,[CpuDevice(id=0)],[CpuDevice(id=0)],greedy,12.9399995803833,356.3988288340006,cartpole,sparse,cartpole_sparse,0.1
9,DQN_RND,0.001,0.99,1.0,0.0,[CpuDevice(id=0)],[CpuDevice(id=0)],greedy,11.729999542236328,357.9988667960024,cartpole,sparse,cartpole_sparse,0.1
0,DQN_RND,0.001,0.99,1.0,0.0,[CpuDevice(id=0)],[CpuDevice(id=0)],greedy,9.359999656677246,357.4075137510008,cartpole,sparse,cartpole_sparse,1.0
1,DQN_RND,0.001,0.99,1.0,0.0,[CpuDevice(id=0)],[CpuDevice(id=0)],greedy,9.31999969482422,355.511654897,cartpole,sparse,cartpole_sparse,1.0
2,DQN_RND,0.001,0.99,1.0,0.0,[CpuDevice(id=0)],[CpuDevice(id=0)],greedy,16.079999923706055,354.8073205319997,cartpole,sparse,cartpole_sparse,1.0
3,DQN_RND,0.001,0.99,1.0,0.0,[CpuDevice(id=0)],[CpuDevice(id=0)],greedy,14.609999656677246,353.6859340789997,cartpole,sparse,cartpole_sparse,1.0
4,DQN_RND,0.001,0.99,1.0,0.0,[CpuDevice(id=0)],[CpuDevice(id=0)],greedy,18.100000381469727,345.75580040099885,cartpole,sparse,cartpole_sparse,1.0
5,DQN_RND,0.001,0.99,1.0,0.0,[CpuDevice(id=0)],[CpuDevice(id=0)],greedy,22.920000076293945,346.88337833400146,cartpole,sparse,cartpole_sparse,1.0
6,DQN_RND,0.001,0.99,1.0,0.0,[CpuDevice(id=0)],[CpuDevice(id=0)],greedy,13.380000114440918,347.41540569100107,cartpole,sparse,cartpole_sparse,1.0
7,DQN_RND,0.001,0.99,1.0,0.0,[CpuDevice(id=0)],[CpuDevice(id=0)],greedy,9.429999351501465,346.2735968410016,cartpole,sparse,cartpole_sparse,1.0
8,DQN_RND,0.001,0.99,1.0,0.0,[CpuDevice(id=0)],[CpuDevice(id=0)],greedy,11.449999809265137,353.2667329930009,cartpole,sparse,cartpole_sparse,1.0
9,DQN_RND,0.001,0.99,1.0,0.0,[CpuDevice(id=0)],[CpuDevice(id=0)],greedy,9.609999656677246,356.7888865940004,cartpole,sparse,cartpole_sparse,1.0
0,DQN_RND,0.01,0.95,1.0,0.0,[CpuDevice(id=0)],[CpuDevice(id=0)],greedy,9.359999656677246,356.8452432340018,cartpole,sparse,cartpole_sparse,0.1
1,DQN_RND,0.01,0.95,1.0,0.0,[CpuDevice(id=0)],[CpuDevice(id=0)],greedy,9.31999969482422,355.0302027940015,cartpole,sparse,cartpole_sparse,0.1
2,DQN_RND,0.01,0.95,1.0,0.0,[CpuDevice(id=0)],[CpuDevice(id=0)],greedy,9.34000015258789,352.6100370050008,cartpole,sparse,cartpole_sparse,0.1
3,DQN_RND,0.01,0.95,1.0,0.0,[CpuDevice(id=0)],[CpuDevice(id=0)],greedy,9.40999984741211,350.3660607599995,cartpole,sparse,cartpole_sparse,0.1
4,DQN_RND,0.01,0.95,1.0,0.0,[CpuDevice(id=0)],[CpuDevice(id=0)],greedy,9.34999942779541,353.5790055599973,cartpole,sparse,cartpole_sparse,0.1
5,DQN_RND,0.01,0.95,1.0,0.0,[CpuDevice(id=0)],[CpuDevice(id=0)],greedy,9.309999465942385,356.0547879810001,cartpole,sparse,cartpole_sparse,0.1
6,DQN_RND,0.01,0.95,1.0,0.0,[CpuDevice(id=0)],[CpuDevice(id=0)],greedy,9.420000076293944,355.1890737670001,cartpole,sparse,cartpole_sparse,0.1
7,DQN_RND,0.01,0.95,1.0,0.0,[CpuDevice(id=0)],[CpuDevice(id=0)],greedy,9.429999351501465,353.4356458349976,cartpole,sparse,cartpole_sparse,0.1
8,DQN_RND,0.01,0.95,1.0,0.0,[CpuDevice(id=0)],[CpuDevice(id=0)],greedy,9.369999885559082,356.9307282510017,cartpole,sparse,cartpole_sparse,0.1
9,DQN_RND,0.01,0.95,1.0,0.0,[CpuDevice(id=0)],[CpuDevice(id=0)],greedy,9.380000114440918,354.6824699790013,cartpole,sparse,cartpole_sparse,0.1
0,DQN_RND,0.01,0.95,1.0,0.0,[CpuDevice(id=0)],[CpuDevice(id=0)],greedy,9.359999656677246,356.7098384380006,cartpole,sparse,cartpole_sparse,1.0
1,DQN_RND,0.01,0.95,1.0,0.0,[CpuDevice(id=0)],[CpuDevice(id=0)],greedy,9.31999969482422,354.84688181599995,cartpole,sparse,cartpole_sparse,1.0
2,DQN_RND,0.01,0.95,1.0,0.0,[CpuDevice(id=0)],[CpuDevice(id=0)],greedy,9.34000015258789,356.71661124800085,cartpole,sparse,cartpole_sparse,1.0
3,DQN_RND,0.01,0.95,1.0,0.0,[CpuDevice(id=0)],[CpuDevice(id=0)],greedy,9.40999984741211,353.3336220900019,cartpole,sparse,cartpole_sparse,1.0
4,DQN_RND,0.01,0.95,1.0,0.0,[CpuDevice(id=0)],[CpuDevice(id=0)],greedy,9.34999942779541,350.6184086909998,cartpole,sparse,cartpole_sparse,1.0
5,DQN_RND,0.01,0.95,1.0,0.0,[CpuDevice(id=0)],[CpuDevice(id=0)],greedy,9.309999465942385,353.0926316840014,cartpole,sparse,cartpole_sparse,1.0
6,DQN_RND,0.01,0.95,1.0,0.0,[CpuDevice(id=0)],[CpuDevice(id=0)],greedy,9.420000076293944,353.7978942749978,cartpole,sparse,cartpole_sparse,1.0
7,DQN_RND,0.01,0.95,1.0,0.0,[CpuDevice(id=0)],[CpuDevice(id=0)],greedy,9.429999351501465,351.8709159409991,cartpole,sparse,cartpole_sparse,1.0
8,DQN_RND,0.01,0.95,1.0,0.0,[CpuDevice(id=0)],[CpuDevice(id=0)],greedy,9.469999313354492,354.0272859500001,cartpole,sparse,cartpole_sparse,1.0
9,DQN_RND,0.01,0.95,1.0,0.0,[CpuDevice(id=0)],[CpuDevice(id=0)],greedy,9.380000114440918,354.02797141799965,cartpole,sparse,cartpole_sparse,1.0
0,DQN_RND,0.01,0.99,1.0,0.0,[CpuDevice(id=0)],[CpuDevice(id=0)],greedy,9.869999885559082,341.51609923899923,cartpole,sparse,cartpole_sparse,0.1
1,DQN_RND,0.01,0.99,1.0,0.0,[CpuDevice(id=0)],[CpuDevice(id=0)],greedy,9.889999389648438,343.1094323870002,cartpole,sparse,cartpole_sparse,0.1
2,DQN_RND,0.01,0.99,1.0,0.0,[CpuDevice(id=0)],[CpuDevice(id=0)],greedy,9.760000228881836,351.3156918739988,cartpole,sparse,cartpole_sparse,0.1
3,DQN_RND,0.01,0.99,1.0,0.0,[CpuDevice(id=0)],[CpuDevice(id=0)],greedy,9.380000114440918,348.82734005400016,cartpole,sparse,cartpole_sparse,0.1
4,DQN_RND,0.01,0.99,1.0,0.0,[CpuDevice(id=0)],[CpuDevice(id=0)],greedy,9.529999732971191,354.02585574300065,cartpole,sparse,cartpole_sparse,0.1
5,DQN_RND,0.01,0.99,1.0,0.0,[CpuDevice(id=0)],[CpuDevice(id=0)],greedy,10.059999465942385,355.0815274180004,cartpole,sparse,cartpole_sparse,0.1
6,DQN_RND,0.01,0.99,1.0,0.0,[CpuDevice(id=0)],[CpuDevice(id=0)],greedy,10.149999618530272,361.80274055300106,cartpole,sparse,cartpole_sparse,0.1
7,DQN_RND,0.01,0.99,1.0,0.0,[CpuDevice(id=0)],[CpuDevice(id=0)],greedy,12.469999313354492,355.946296731001,cartpole,sparse,cartpole_sparse,0.1
8,DQN_RND,0.01,0.99,1.0,0.0,[CpuDevice(id=0)],[CpuDevice(id=0)],greedy,9.59000015258789,356.1951878130003,cartpole,sparse,cartpole_sparse,0.1
9,DQN_RND,0.01,0.99,1.0,0.0,[CpuDevice(id=0)],[CpuDevice(id=0)],greedy,10.050000190734863,353.8550756330005,cartpole,sparse,cartpole_sparse,0.1
0,DQN_RND,0.01,0.99,1.0,0.0,[CpuDevice(id=0)],[CpuDevice(id=0)],greedy,9.81999969482422,353.3795143690004,cartpole,sparse,cartpole_sparse,1.0
1,DQN_RND,0.01,0.99,1.0,0.0,[CpuDevice(id=0)],[CpuDevice(id=0)],greedy,9.809999465942385,353.91490841999985,cartpole,sparse,cartpole_sparse,1.0
2,DQN_RND,0.01,0.99,1.0,0.0,[CpuDevice(id=0)],[CpuDevice(id=0)],greedy,9.760000228881836,359.56589999800053,cartpole,sparse,cartpole_sparse,1.0
3,DQN_RND,0.01,0.99,1.0,0.0,[CpuDevice(id=0)],[CpuDevice(id=0)],greedy,9.479999542236328,357.2896507880014,cartpole,sparse,cartpole_sparse,1.0
4,DQN_RND,0.01,0.99,1.0,0.0,[CpuDevice(id=0)],[CpuDevice(id=0)],greedy,9.529999732971191,351.8612737000003,cartpole,sparse,cartpole_sparse,1.0
5,DQN_RND,0.01,0.99,1.0,0.0,[CpuDevice(id=0)],[CpuDevice(id=0)],greedy,10.059999465942385,354.54660682399845,cartpole,sparse,cartpole_sparse,1.0
6,DQN_RND,0.01,0.99,1.0,0.0,[CpuDevice(id=0)],[CpuDevice(id=0)],greedy,10.079999923706056,358.53285015200163,cartpole,sparse,cartpole_sparse,1.0
7,DQN_RND,0.01,0.99,1.0,0.0,[CpuDevice(id=0)],[CpuDevice(id=0)],greedy,12.539999961853027,356.39278788199954,cartpole,sparse,cartpole_sparse,1.0
8,DQN_RND,0.01,0.99,1.0,0.0,[CpuDevice(id=0)],[CpuDevice(id=0)],greedy,9.869999885559082,353.25160256099844,cartpole,sparse,cartpole_sparse,1.0
9,DQN_RND,0.01,0.99,1.0,0.0,[CpuDevice(id=0)],[CpuDevice(id=0)],greedy,10.050000190734863,352.8748280990003,cartpole,sparse,cartpole_sparse,1.0
0,DQN_RND,0.0005,0.99,-200.0,0.0,[CpuDevice(id=0)],[CpuDevice(id=0)],greedy,200.0,362.533681081004,mountaincar,dense,mountaincar_dense,0.1
1,DQN_RND,0.0005,0.99,-200.0,0.0,[CpuDevice(id=0)],[CpuDevice(id=0)],greedy,200.0,362.5341512849991,mountaincar,dense,mountaincar_dense,0.1
2,DQN_RND,0.0005,0.99,-200.0,0.0,[CpuDevice(id=0)],[CpuDevice(id=0)],greedy,200.0,361.1177611940002,mountaincar,dense,mountaincar_dense,0.1
3,DQN_RND,0.0005,0.99,-200.0,0.0,[CpuDevice(id=0)],[CpuDevice(id=0)],greedy,200.0,361.1084903039955,mountaincar,dense,mountaincar_dense,0.1
4,DQN_RND,0.0005,0.99,-200.0,0.0,[CpuDevice(id=0)],[CpuDevice(id=0)],greedy,200.0,362.6319516720032,mountaincar,dense,mountaincar_dense,0.1
5,DQN_RND,0.0005,0.99,-200.0,0.0,[CpuDevice(id=0)],[CpuDevice(id=0)],greedy,200.0,362.6139708549963,mountaincar,dense,mountaincar_dense,0.1
6,DQN_RND,0.0005,0.99,-200.0,0.0,[CpuDevice(id=0)],[CpuDevice(id=0)],greedy,200.0,365.79609198199614,mountaincar,dense,mountaincar_dense,0.1
7,DQN_RND,0.0005,0.99,-200.0,0.0,[CpuDevice(id=0)],[CpuDevice(id=0)],greedy,200.0,365.7953786569997,mountaincar,dense,mountaincar_dense,0.1
8,DQN_RND,0.0005,0.99,-200.0,0.0,[CpuDevice(id=0)],[CpuDevice(id=0)],greedy,200.0,362.561601240006,mountaincar,dense,mountaincar_dense,0.1
9,DQN_RND,0.0005,0.99,-200.0,0.0,[CpuDevice(id=0)],[CpuDevice(id=0)],greedy,200.0,362.5133701779996,mountaincar,dense,mountaincar_dense,0.1
0,DQN_RND,0.0005,0.99,-200.0,0.0,[CpuDevice(id=0)],[CpuDevice(id=0)],greedy,200.0,361.9996167280042,mountaincar,dense,mountaincar_dense,1.0
1,DQN_RND,0.0005,0.99,-200.0,0.0,[CpuDevice(id=0)],[CpuDevice(id=0)],greedy,200.0,361.9651051949986,mountaincar,dense,mountaincar_dense,1.0
2,DQN_RND,0.0005,0.99,-200.0,0.0,[CpuDevice(id=0)],[CpuDevice(id=0)],greedy,200.0,361.775800849995,mountaincar,dense,mountaincar_dense,1.0
3,DQN_RND,0.0005,0.99,-200.0,0.0,[CpuDevice(id=0)],[CpuDevice(id=0)],greedy,200.0,361.7728769519963,mountaincar,dense,mountaincar_dense,1.0
4,DQN_RND,0.0005,0.99,-200.0,0.0,[CpuDevice(id=0)],[CpuDevice(id=0)],greedy,200.0,367.47285092999664,mountaincar,dense,mountaincar_dense,1.0
5,DQN_RND,0.0005,0.99,-200.0,0.0,[CpuDevice(id=0)],[CpuDevice(id=0)],greedy,200.0,367.31807158200536,mountaincar,dense,mountaincar_dense,1.0
6,DQN_RND,0.0005,0.99,-200.0,0.0,[CpuDevice(id=0)],[CpuDevice(id=0)],greedy,200.0,365.78932469100255,mountaincar,dense,mountaincar_dense,1.0
7,DQN_RND,0.0005,0.99,-200.0,0.0,[CpuDevice(id=0)],[CpuDevice(id=0)],greedy,200.0,365.7873397969961,mountaincar,dense,mountaincar_dense,1.0
8,DQN_RND,0.0005,0.99,-200.0,0.0,[CpuDevice(id=0)],[CpuDevice(id=0)],greedy,200.0,368.22041951599385,mountaincar,dense,mountaincar_dense,1.0
9,DQN_RND,0.0005,0.99,-200.0,0.0,[CpuDevice(id=0)],[CpuDevice(id=0)],greedy,200.0,368.23692001100426,mountaincar,dense,mountaincar_dense,1.0
0,DQN_RND,0.001,0.99,-200.0,0.0,[CpuDevice(id=0)],[CpuDevice(id=0)],greedy,200.0,364.9979485009972,mountaincar,dense,mountaincar_dense,0.1
1,DQN_RND,0.001,0.99,-200.0,0.0,[CpuDevice(id=0)],[CpuDevice(id=0)],greedy,200.0,364.9928760900002,mountaincar,dense,mountaincar_dense,0.1
2,DQN_RND,0.001,0.99,-200.0,0.0,[CpuDevice(id=0)],[CpuDevice(id=0)],greedy,200.0,366.8540065920024,mountaincar,dense,mountaincar_dense,0.1
3,DQN_RND,0.001,0.99,-200.0,0.0,[CpuDevice(id=0)],[CpuDevice(id=0)],greedy,200.0,366.8639287859987,mountaincar,dense,mountaincar_dense,0.1
4,DQN_RND,0.001,0.99,-200.0,0.0,[CpuDevice(id=0)],[CpuDevice(id=0)],greedy,200.0,365.9666700719972,mountaincar,dense,mountaincar_dense,0.1
5,DQN_RND,0.001,0.99,-200.0,0.0,[CpuDevice(id=0)],[CpuDevice(id=0)],greedy,200.0,365.96666122999886,mountaincar,dense,mountaincar_dense,0.1
6,DQN_RND,0.001,0.99,-200.0,0.0,[CpuDevice(id=0)],[CpuDevice(id=0)],greedy,200.0,366.4924155560002,mountaincar,dense,mountaincar_dense,0.1
7,DQN_RND,0.001,0.99,-200.0,0.0,[CpuDevice(id=0)],[CpuDevice(id=0)],greedy,200.0,366.4922687979997,mountaincar,dense,mountaincar_dense,0.1
8,DQN_RND,0.001,0.99,-200.0,0.0,[CpuDevice(id=0)],[CpuDevice(id=0)],greedy,200.0,362.6703952980024,mountaincar,dense,mountaincar_dense,0.1
9,DQN_RND,0.001,0.99,-200.0,0.0,[CpuDevice(id=0)],[CpuDevice(id=0)],greedy,200.0,362.6994142769981,mountaincar,dense,mountaincar_dense,0.1
0,DQN_RND,0.001,0.99,-200.0,0.0,[CpuDevice(id=0)],[CpuDevice(id=0)],greedy,200.0,365.0342520150007,mountaincar,dense,mountaincar_dense,1.0
1,DQN_RND,0.001,0.99,-200.0,0.0,[CpuDevice(id=0)],[CpuDevice(id=0)],greedy,200.0,365.0343885030016,mountaincar,dense,mountaincar_dense,1.0
2,DQN_RND,0.001,0.99,-200.0,0.0,[CpuDevice(id=0)],[CpuDevice(id=0)],greedy,200.0,363.88197029,mountaincar,dense,mountaincar_dense,1.0
3,DQN_RND,0.001,0.99,-200.0,0.0,[CpuDevice(id=0)],[CpuDevice(id=0)],greedy,200.0,363.8789711650024,mountaincar,dense,mountaincar_dense,1.0
4,DQN_RND,0.001,0.99,-200.0,0.0,[CpuDevice(id=0)],[CpuDevice(id=0)],greedy,200.0,366.530337694996,mountaincar,dense,mountaincar_dense,1.0
5,DQN_RND,0.001,0.99,-200.0,0.0,[CpuDevice(id=0)],[CpuDevice(id=0)],greedy,200.0,366.51853365999705,mountaincar,dense,mountaincar_dense,1.0
6,DQN_RND,0.001,0.99,-200.0,0.0,[CpuDevice(id=0)],[CpuDevice(id=0)],greedy,200.0,420.9749605069956,mountaincar,dense,mountaincar_dense,1.0
7,DQN_RND,0.001,0.99,-200.0,0.0,[CpuDevice(id=0)],[CpuDevice(id=0)],greedy,200.0,420.97478251600114,mountaincar,dense,mountaincar_dense,1.0
8,DQN_RND,0.001,0.99,-200.0,0.0,[CpuDevice(id=0)],[CpuDevice(id=0)],greedy,200.0,393.771041177999,mountaincar,dense,mountaincar_dense,1.0
9,DQN_RND,0.001,0.99,-200.0,0.0,[CpuDevice(id=0)],[CpuDevice(id=0)],greedy,200.0,393.7734724290058,mountaincar,dense,mountaincar_dense,1.0
0,DQN_RND,0.01,0.95,-200.0,0.0,[CpuDevice(id=0)],[CpuDevice(id=0)],greedy,200.0,430.1992847989968,mountaincar,dense,mountaincar_dense,0.1
1,DQN_RND,0.01,0.95,-200.0,0.0,[CpuDevice(id=0)],[CpuDevice(id=0)],greedy,200.0,430.1936090790041,mountaincar,dense,mountaincar_dense,0.1
2,DQN_RND,0.01,0.95,-200.0,0.0,[CpuDevice(id=0)],[CpuDevice(id=0)],greedy,200.0,463.7067498249962,mountaincar,dense,mountaincar_dense,0.1
3,DQN_RND,0.01,0.95,-200.0,0.0,[CpuDevice(id=0)],[CpuDevice(id=0)],greedy,200.0,463.7327358219991,mountaincar,dense,mountaincar_dense,0.1
4,DQN_RND,0.01,0.95,-200.0,0.0,[CpuDevice(id=0)],[CpuDevice(id=0)],greedy,200.0,421.7577023229969,mountaincar,dense,mountaincar_dense,0.1
5,DQN_RND,0.01,0.95,-200.0,0.0,[CpuDevice(id=0)],[CpuDevice(id=0)],greedy,200.0,421.73908546899474,mountaincar,dense,mountaincar_dense,0.1
6,DQN_RND,0.01,0.95,-200.0,0.0,[CpuDevice(id=0)],[CpuDevice(id=0)],greedy,200.0,403.6008132999996,mountaincar,dense,mountaincar_dense,0.1
7,DQN_RND,0.01,0.95,-200.0,0.0,[CpuDevice(id=0)],[CpuDevice(id=0)],greedy,200.0,403.5863266899978,mountaincar,dense,mountaincar_dense,0.1
8,DQN_RND,0.01,0.95,-200.0,0.0,[CpuDevice(id=0)],[CpuDevice(id=0)],greedy,200.0,401.1118677859995,mountaincar,dense,mountaincar_dense,0.1
9,DQN_RND,0.01,0.95,-200.0,0.0,[CpuDevice(id=0)],[CpuDevice(id=0)],greedy,200.0,401.085311017996,mountaincar,dense,mountaincar_dense,0.1
0,DQN_RND,0.01,0.95,-200.0,0.0,[CpuDevice(id=0)],[CpuDevice(id=0)],greedy,200.0,401.2151297759992,mountaincar,dense,mountaincar_dense,1.0
1,DQN_RND,0.01,0.95,-200.0,0.0,[CpuDevice(id=0)],[CpuDevice(id=0)],greedy,200.0,401.2224612729988,mountaincar,dense,mountaincar_dense,1.0
2,DQN_RND,0.01,0.95,-200.0,0.0,[CpuDevice(id=0)],[CpuDevice(id=0)],greedy,200.0,480.6576145979998,mountaincar,dense,mountaincar_dense,1.0
3,DQN_RND,0.01,0.95,-200.0,0.0,[CpuDevice(id=0)],[CpuDevice(id=0)],greedy,200.0,480.6686151910035,mountaincar,dense,mountaincar_dense,1.0
4,DQN_RND,0.01,0.95,-200.0,0.0,[CpuDevice(id=0)],[CpuDevice(id=0)],greedy,200.0,643.8688061900029,mountaincar,dense,mountaincar_dense,1.0
5,DQN_RND,0.01,0.95,-200.0,0.0,[CpuDevice(id=0)],[CpuDevice(id=0)],greedy,200.0,643.871938778997,mountaincar,dense,mountaincar_dense,1.0
6,DQN_RND,0.01,0.95,-200.0,0.0,[CpuDevice(id=0)],[CpuDevice(id=0)],greedy,200.0,641.7310349920008,mountaincar,dense,mountaincar_dense,1.0
7,DQN_RND,0.01,0.95,-200.0,0.0,[CpuDevice(id=0)],[CpuDevice(id=0)],greedy,200.0,640.5076607459996,mountaincar,dense,mountaincar_dense,1.0
8,DQN_RND,0.01,0.95,-200.0,0.0,[CpuDevice(id=0)],[CpuDevice(id=0)],greedy,200.0,658.159309978997,mountaincar,dense,mountaincar_dense,1.0
9,DQN_RND,0.01,0.95,-200.0,0.0,[CpuDevice(id=0)],[CpuDevice(id=0)],greedy,200.0,658.1587619019992,mountaincar,dense,mountaincar_dense,1.0
0,DQN_RND,0.01,0.99,-200.0,0.0,[CpuDevice(id=0)],[CpuDevice(id=0)],greedy,200.0,366.8694000619944,mountaincar,dense,mountaincar_dense,0.1
1,DQN_RND,0.01,0.99,-200.0,0.0,[CpuDevice(id=0)],[CpuDevice(id=0)],greedy,200.0,366.5772002800004,mountaincar,dense,mountaincar_dense,0.1
2,DQN_RND,0.01,0.99,-200.0,0.0,[CpuDevice(id=0)],[CpuDevice(id=0)],greedy,200.0,364.347569063997,mountaincar,dense,mountaincar_dense,0.1
3,DQN_RND,0.01,0.99,-200.0,0.0,[CpuDevice(id=0)],[CpuDevice(id=0)],greedy,200.0,364.3477827729948,mountaincar,dense,mountaincar_dense,0.1
4,DQN_RND,0.01,0.99,-200.0,0.0,[CpuDevice(id=0)],[CpuDevice(id=0)],greedy,200.0,357.9297553200013,mountaincar,dense,mountaincar_dense,0.1
5,DQN_RND,0.01,0.99,-200.0,0.0,[CpuDevice(id=0)],[CpuDevice(id=0)],greedy,200.0,357.9541045990045,mountaincar,dense,mountaincar_dense,0.1
6,DQN_RND,0.01,0.99,-200.0,0.0,[CpuDevice(id=0)],[CpuDevice(id=0)],greedy,200.0,373.28483848999895,mountaincar,dense,mountaincar_dense,0.1
7,DQN_RND,0.01,0.99,-200.0,0.0,[CpuDevice(id=0)],[CpuDevice(id=0)],greedy,200.0,366.9587277649989,mountaincar,dense,mountaincar_dense,0.1
8,DQN_RND,0.01,0.99,-200.0,0.0,[CpuDevice(id=0)],[CpuDevice(id=0)],greedy,200.0,367.4134439710033,mountaincar,dense,mountaincar_dense,0.1
9,DQN_RND,0.01,0.99,-200.0,0.0,[CpuDevice(id=0)],[CpuDevice(id=0)],greedy,200.0,367.4471948499995,mountaincar,dense,mountaincar_dense,0.1
0,DQN_RND,0.01,0.99,-200.0,0.0,[CpuDevice(id=0)],[CpuDevice(id=0)],greedy,200.0,364.8811734099945,mountaincar,dense,mountaincar_dense,1.0
1,DQN_RND,0.01,0.99,-200.0,0.0,[CpuDevice(id=0)],[CpuDevice(id=0)],greedy,200.0,364.88223448200006,mountaincar,dense,mountaincar_dense,1.0
2,DQN_RND,0.01,0.99,-200.0,0.0,[CpuDevice(id=0)],[CpuDevice(id=0)],greedy,200.0,366.3182913799974,mountaincar,dense,mountaincar_dense,1.0
3,DQN_RND,0.01,0.99,-200.0,0.0,[CpuDevice(id=0)],[CpuDevice(id=0)],greedy,200.0,366.3179895699941,mountaincar,dense,mountaincar_dense,1.0
4,DQN_RND,0.01,0.99,-200.0,0.0,[CpuDevice(id=0)],[CpuDevice(id=0)],greedy,200.0,359.5798349800025,mountaincar,dense,mountaincar_dense,1.0
5,DQN_RND,0.01,0.99,-200.0,0.0,[CpuDevice(id=0)],[CpuDevice(id=0)],greedy,200.0,359.552707294999,mountaincar,dense,mountaincar_dense,1.0
6,DQN_RND,0.01,0.99,-200.0,0.0,[CpuDevice(id=0)],[CpuDevice(id=0)],greedy,200.0,365.182707947999,mountaincar,dense,mountaincar_dense,1.0
7,DQN_RND,0.01,0.99,-200.0,0.0,[CpuDevice(id=0)],[CpuDevice(id=0)],greedy,200.0,365.1836128569994,mountaincar,dense,mountaincar_dense,1.0
8,DQN_RND,0.01,0.99,-200.0,0.0,[CpuDevice(id=0)],[CpuDevice(id=0)],greedy,200.0,364.3974410400042,mountaincar,dense,mountaincar_dense,1.0
9,DQN_RND,0.01,0.99,-200.0,0.0,[CpuDevice(id=0)],[CpuDevice(id=0)],greedy,200.0,364.3980030180028,mountaincar,dense,mountaincar_dense,1.0
