seed,algorithm,learning_rate,gamma,final_mean_reward,final_success_rate,backend,devices,action,mean_length,wall_time_s,env_name,reward_type
0,PPO,0.0001,0.99,9.15999984741211,1.0,[CpuDevice(id=0)],[CpuDevice(id=0)],stochastic,9.15999984741211,761.4276878999663,cartpole,dense
1,PPO,0.0001,0.99,9.420000076293945,1.0,[CpuDevice(id=0)],[CpuDevice(id=0)],stochastic,9.420000076293945,674.7950771999895,cartpole,dense
2,PPO,0.0001,0.99,9.260000228881836,1.0,[CpuDevice(id=0)],[CpuDevice(id=0)],stochastic,9.260000228881836,623.2206145999953,cartpole,dense
3,PPO,0.0001,0.99,63.25,1.0,[CpuDevice(id=0)],[CpuDevice(id=0)],stochastic,63.25,649.1078875000239,cartpole,dense
4,PPO,0.0001,0.99,32.02000045776367,1.0,[CpuDevice(id=0)],[CpuDevice(id=0)],stochastic,32.02000045776367,669.6106485999771,cartpole,dense
0,PPO,0.0001,0.95,9.15999984741211,1.0,[CpuDevice(id=0)],[CpuDevice(id=0)],stochastic,9.15999984741211,681.0526219999883,cartpole,dense
1,PPO,0.0001,0.95,9.229999542236328,1.0,[CpuDevice(id=0)],[CpuDevice(id=0)],stochastic,9.229999542236328,656.1096169999801,cartpole,dense
2,PPO,0.0001,0.95,9.260000228881836,1.0,[CpuDevice(id=0)],[CpuDevice(id=0)],stochastic,9.260000228881836,657.4241738000419,cartpole,dense
3,PPO,0.0001,0.95,62.14999771118164,1.0,[CpuDevice(id=0)],[CpuDevice(id=0)],stochastic,62.14999771118164,634.8618043999886,cartpole,dense
4,PPO,0.0001,0.95,21.43000030517578,1.0,[CpuDevice(id=0)],[CpuDevice(id=0)],stochastic,21.43000030517578,635.7470697999815,cartpole,dense
0,PPO,0.0005,0.99,57.25,1.0,[CpuDevice(id=0)],[CpuDevice(id=0)],stochastic,57.25,632.8009132000152,cartpole,dense
1,PPO,0.0005,0.99,81.93000030517578,1.0,[CpuDevice(id=0)],[CpuDevice(id=0)],stochastic,81.93000030517578,667.9997770999908,cartpole,dense
2,PPO,0.0005,0.99,82.33000183105469,1.0,[CpuDevice(id=0)],[CpuDevice(id=0)],stochastic,82.33000183105469,632.632291899994,cartpole,dense
3,PPO,0.0005,0.99,76.7699966430664,1.0,[CpuDevice(id=0)],[CpuDevice(id=0)],stochastic,76.7699966430664,635.1765452999971,cartpole,dense
4,PPO,0.0005,0.99,55.05999755859375,1.0,[CpuDevice(id=0)],[CpuDevice(id=0)],stochastic,55.05999755859375,637.8452761999797,cartpole,dense
0,PPO,0.0005,0.95,9.4399995803833,1.0,[CpuDevice(id=0)],[CpuDevice(id=0)],stochastic,9.4399995803833,637.525472600013,cartpole,dense
1,PPO,0.0005,0.95,54.459999084472656,1.0,[CpuDevice(id=0)],[CpuDevice(id=0)],stochastic,54.459999084472656,646.4734504999942,cartpole,dense
2,PPO,0.0005,0.95,89.07999420166016,1.0,[CpuDevice(id=0)],[CpuDevice(id=0)],stochastic,89.07999420166016,641.0717010000371,cartpole,dense
3,PPO,0.0005,0.95,111.66999816894531,1.0,[CpuDevice(id=0)],[CpuDevice(id=0)],stochastic,111.66999816894531,636.9314974000445,cartpole,dense
4,PPO,0.0005,0.95,28.829999923706055,1.0,[CpuDevice(id=0)],[CpuDevice(id=0)],stochastic,28.829999923706055,638.5948347999947,cartpole,dense
0,PPO,0.001,0.99,70.4000015258789,1.0,[CpuDevice(id=0)],[CpuDevice(id=0)],stochastic,70.4000015258789,638.6030039000325,cartpole,dense
1,PPO,0.001,0.99,62.959999084472656,1.0,[CpuDevice(id=0)],[CpuDevice(id=0)],stochastic,62.959999084472656,638.14850260003,cartpole,dense
2,PPO,0.001,0.99,120.95999908447266,1.0,[CpuDevice(id=0)],[CpuDevice(id=0)],stochastic,120.95999908447266,640.9159255999839,cartpole,dense
3,PPO,0.001,0.99,103.90999603271484,1.0,[CpuDevice(id=0)],[CpuDevice(id=0)],stochastic,103.90999603271484,639.8127574000391,cartpole,dense
4,PPO,0.001,0.99,92.6199951171875,1.0,[CpuDevice(id=0)],[CpuDevice(id=0)],stochastic,92.6199951171875,641.3077277999837,cartpole,dense
0,PPO,0.001,0.95,73.18000030517578,1.0,[CpuDevice(id=0)],[CpuDevice(id=0)],stochastic,73.18000030517578,638.3806414999999,cartpole,dense
1,PPO,0.001,0.95,60.25,1.0,[CpuDevice(id=0)],[CpuDevice(id=0)],stochastic,60.25,640.3403684999794,cartpole,dense
2,PPO,0.001,0.95,135.0699920654297,1.0,[CpuDevice(id=0)],[CpuDevice(id=0)],stochastic,135.0699920654297,641.6096920999698,cartpole,dense
3,PPO,0.001,0.95,91.1500015258789,1.0,[CpuDevice(id=0)],[CpuDevice(id=0)],stochastic,91.1500015258789,642.086316699977,cartpole,dense
4,PPO,0.001,0.95,82.47999572753906,1.0,[CpuDevice(id=0)],[CpuDevice(id=0)],stochastic,82.47999572753906,641.3718485999852,cartpole,dense
0,PPO,0.0001,0.99,1.0,1.0,[CpuDevice(id=0)],[CpuDevice(id=0)],stochastic,9.15999984741211,645.184798399976,cartpole,sparse
1,PPO,0.0001,0.99,1.0,1.0,[CpuDevice(id=0)],[CpuDevice(id=0)],stochastic,9.170000076293945,648.9774304000312,cartpole,sparse
2,PPO,0.0001,0.99,1.0,1.0,[CpuDevice(id=0)],[CpuDevice(id=0)],stochastic,9.260000228881836,652.0879836000386,cartpole,sparse
3,PPO,0.0001,0.99,0.9899999499320984,1.0,[CpuDevice(id=0)],[CpuDevice(id=0)],stochastic,36.189998626708984,653.3764863999677,cartpole,sparse
4,PPO,0.0001,0.99,1.0,1.0,[CpuDevice(id=0)],[CpuDevice(id=0)],stochastic,9.40999984741211,653.7535667999764,cartpole,sparse
0,PPO,0.0001,0.95,1.0,1.0,[CpuDevice(id=0)],[CpuDevice(id=0)],stochastic,9.15999984741211,651.9078206000268,cartpole,sparse
1,PPO,0.0001,0.95,1.0,1.0,[CpuDevice(id=0)],[CpuDevice(id=0)],stochastic,9.170000076293945,654.1289644999779,cartpole,sparse
2,PPO,0.0001,0.95,1.0,1.0,[CpuDevice(id=0)],[CpuDevice(id=0)],stochastic,9.260000228881836,654.5801101999823,cartpole,sparse
3,PPO,0.0001,0.95,0.9799999594688416,1.0,[CpuDevice(id=0)],[CpuDevice(id=0)],stochastic,31.809999465942383,654.2853749999776,cartpole,sparse
4,PPO,0.0001,0.95,1.0,1.0,[CpuDevice(id=0)],[CpuDevice(id=0)],stochastic,9.40999984741211,655.9935656000162,cartpole,sparse
0,PPO,0.0005,0.99,1.0,1.0,[CpuDevice(id=0)],[CpuDevice(id=0)],stochastic,9.15999984741211,654.2901218000334,cartpole,sparse
1,PPO,0.0005,0.99,1.0,1.0,[CpuDevice(id=0)],[CpuDevice(id=0)],stochastic,9.170000076293945,666.8384332000278,cartpole,sparse
2,PPO,0.0005,0.99,1.0,1.0,[CpuDevice(id=0)],[CpuDevice(id=0)],stochastic,9.260000228881836,659.9508846999961,cartpole,sparse
3,PPO,0.0005,0.99,1.0,1.0,[CpuDevice(id=0)],[CpuDevice(id=0)],stochastic,9.269999504089355,661.0918551000068,cartpole,sparse
4,PPO,0.0005,0.99,1.0,1.0,[CpuDevice(id=0)],[CpuDevice(id=0)],stochastic,9.40999984741211,660.1206814000034,cartpole,sparse
0,PPO,0.0005,0.95,1.0,1.0,[CpuDevice(id=0)],[CpuDevice(id=0)],stochastic,9.15999984741211,666.1900566000259,cartpole,sparse
1,PPO,0.0005,0.95,1.0,1.0,[CpuDevice(id=0)],[CpuDevice(id=0)],stochastic,9.170000076293945,675.9939865999622,cartpole,sparse
2,PPO,0.0005,0.95,1.0,1.0,[CpuDevice(id=0)],[CpuDevice(id=0)],stochastic,9.260000228881836,662.172122900025,cartpole,sparse
3,PPO,0.0005,0.95,1.0,1.0,[CpuDevice(id=0)],[CpuDevice(id=0)],stochastic,9.269999504089355,662.6559083000175,cartpole,sparse
4,PPO,0.0005,0.95,1.0,1.0,[CpuDevice(id=0)],[CpuDevice(id=0)],stochastic,9.40999984741211,662.0095162999933,cartpole,sparse
0,PPO,0.001,0.99,1.0,1.0,[CpuDevice(id=0)],[CpuDevice(id=0)],stochastic,9.15999984741211,666.8500014999881,cartpole,sparse
1,PPO,0.001,0.99,1.0,1.0,[CpuDevice(id=0)],[CpuDevice(id=0)],stochastic,9.170000076293945,662.9774131000158,cartpole,sparse
2,PPO,0.001,0.99,1.0,1.0,[CpuDevice(id=0)],[CpuDevice(id=0)],stochastic,9.260000228881836,673.3118567999918,cartpole,sparse
3,PPO,0.001,0.99,1.0,1.0,[CpuDevice(id=0)],[CpuDevice(id=0)],stochastic,9.269999504089355,666.2315057000378,cartpole,sparse
4,PPO,0.001,0.99,1.0,1.0,[CpuDevice(id=0)],[CpuDevice(id=0)],stochastic,9.40999984741211,667.0970298000029,cartpole,sparse
0,PPO,0.001,0.95,1.0,1.0,[CpuDevice(id=0)],[CpuDevice(id=0)],stochastic,9.15999984741211,664.7022300999961,cartpole,sparse
1,PPO,0.001,0.95,1.0,1.0,[CpuDevice(id=0)],[CpuDevice(id=0)],stochastic,9.170000076293945,666.6716768000042,cartpole,sparse
2,PPO,0.001,0.95,1.0,1.0,[CpuDevice(id=0)],[CpuDevice(id=0)],stochastic,9.260000228881836,666.2243779999553,cartpole,sparse
3,PPO,0.001,0.95,1.0,1.0,[CpuDevice(id=0)],[CpuDevice(id=0)],stochastic,9.269999504089355,666.2965786000132,cartpole,sparse
4,PPO,0.001,0.95,1.0,1.0,[CpuDevice(id=0)],[CpuDevice(id=0)],stochastic,9.40999984741211,665.9671111999778,cartpole,sparse
0,PPO,0.0001,0.99,-200.0,1.0,[CpuDevice(id=0)],[CpuDevice(id=0)],stochastic,200.0,617.8928990000277,mountaincar,dense
1,PPO,0.0001,0.99,-200.0,1.0,[CpuDevice(id=0)],[CpuDevice(id=0)],stochastic,200.0,632.0767434000154,mountaincar,dense
2,PPO,0.0001,0.99,-200.0,1.0,[CpuDevice(id=0)],[CpuDevice(id=0)],stochastic,200.0,629.5928461999865,mountaincar,dense
3,PPO,0.0001,0.99,-200.0,1.0,[CpuDevice(id=0)],[CpuDevice(id=0)],stochastic,200.0,630.5720941000036,mountaincar,dense
4,PPO,0.0001,0.99,-200.0,1.0,[CpuDevice(id=0)],[CpuDevice(id=0)],stochastic,200.0,631.8913507999969,mountaincar,dense
0,PPO,0.0001,0.95,-200.0,1.0,[CpuDevice(id=0)],[CpuDevice(id=0)],stochastic,200.0,629.7010971000418,mountaincar,dense
1,PPO,0.0001,0.95,-200.0,1.0,[CpuDevice(id=0)],[CpuDevice(id=0)],stochastic,200.0,631.9464824000024,mountaincar,dense
2,PPO,0.0001,0.95,-200.0,1.0,[CpuDevice(id=0)],[CpuDevice(id=0)],stochastic,200.0,629.1393462000415,mountaincar,dense
3,PPO,0.0001,0.95,-200.0,1.0,[CpuDevice(id=0)],[CpuDevice(id=0)],stochastic,200.0,628.270471900003,mountaincar,dense
4,PPO,0.0001,0.95,-200.0,1.0,[CpuDevice(id=0)],[CpuDevice(id=0)],stochastic,200.0,625.744316199969,mountaincar,dense
0,PPO,0.0005,0.99,-200.0,1.0,[CpuDevice(id=0)],[CpuDevice(id=0)],stochastic,200.0,626.5737188999774,mountaincar,dense
1,PPO,0.0005,0.99,-200.0,1.0,[CpuDevice(id=0)],[CpuDevice(id=0)],stochastic,200.0,627.1259218999767,mountaincar,dense
2,PPO,0.0005,0.99,-200.0,1.0,[CpuDevice(id=0)],[CpuDevice(id=0)],stochastic,200.0,626.985329099989,mountaincar,dense
3,PPO,0.0005,0.99,-200.0,1.0,[CpuDevice(id=0)],[CpuDevice(id=0)],stochastic,200.0,624.0584476999938,mountaincar,dense
4,PPO,0.0005,0.99,-200.0,1.0,[CpuDevice(id=0)],[CpuDevice(id=0)],stochastic,200.0,625.3197219999856,mountaincar,dense
0,PPO,0.0005,0.95,-200.0,1.0,[CpuDevice(id=0)],[CpuDevice(id=0)],stochastic,200.0,625.7274506000103,mountaincar,dense
1,PPO,0.0005,0.95,-200.0,1.0,[CpuDevice(id=0)],[CpuDevice(id=0)],stochastic,200.0,625.8095959000057,mountaincar,dense
2,PPO,0.0005,0.95,-200.0,1.0,[CpuDevice(id=0)],[CpuDevice(id=0)],stochastic,200.0,624.813441300008,mountaincar,dense
3,PPO,0.0005,0.95,-200.0,1.0,[CpuDevice(id=0)],[CpuDevice(id=0)],stochastic,200.0,628.8679982000031,mountaincar,dense
4,PPO,0.0005,0.95,-200.0,1.0,[CpuDevice(id=0)],[CpuDevice(id=0)],stochastic,200.0,625.9174436000176,mountaincar,dense
0,PPO,0.001,0.99,-200.0,1.0,[CpuDevice(id=0)],[CpuDevice(id=0)],stochastic,200.0,626.237107300025,mountaincar,dense
1,PPO,0.001,0.99,-200.0,1.0,[CpuDevice(id=0)],[CpuDevice(id=0)],stochastic,200.0,623.6819696999737,mountaincar,dense
2,PPO,0.001,0.99,-200.0,1.0,[CpuDevice(id=0)],[CpuDevice(id=0)],stochastic,200.0,626.4307104999898,mountaincar,dense
3,PPO,0.001,0.99,-200.0,1.0,[CpuDevice(id=0)],[CpuDevice(id=0)],stochastic,200.0,629.2088103999849,mountaincar,dense
4,PPO,0.001,0.99,-200.0,1.0,[CpuDevice(id=0)],[CpuDevice(id=0)],stochastic,200.0,628.2733194999746,mountaincar,dense
0,PPO,0.001,0.95,-200.0,1.0,[CpuDevice(id=0)],[CpuDevice(id=0)],stochastic,200.0,627.2642832000274,mountaincar,dense
1,PPO,0.001,0.95,-200.0,1.0,[CpuDevice(id=0)],[CpuDevice(id=0)],stochastic,200.0,628.7471867999993,mountaincar,dense
2,PPO,0.001,0.95,-200.0,1.0,[CpuDevice(id=0)],[CpuDevice(id=0)],stochastic,200.0,628.883453699993,mountaincar,dense
3,PPO,0.001,0.95,-200.0,1.0,[CpuDevice(id=0)],[CpuDevice(id=0)],stochastic,200.0,627.059597000014,mountaincar,dense
4,PPO,0.001,0.95,-200.0,1.0,[CpuDevice(id=0)],[CpuDevice(id=0)],stochastic,200.0,629.7677712999866,mountaincar,dense
0,PPO,0.0001,0.99,-1.0,1.0,[CpuDevice(id=0)],[CpuDevice(id=0)],stochastic,200.0,630.5867090999964,mountaincar,sparse
1,PPO,0.0001,0.99,-1.0,1.0,[CpuDevice(id=0)],[CpuDevice(id=0)],stochastic,200.0,631.3651119999704,mountaincar,sparse
2,PPO,0.0001,0.99,-1.0,1.0,[CpuDevice(id=0)],[CpuDevice(id=0)],stochastic,200.0,629.8074975999771,mountaincar,sparse
3,PPO,0.0001,0.99,-1.0,1.0,[CpuDevice(id=0)],[CpuDevice(id=0)],stochastic,200.0,631.6443907999783,mountaincar,sparse
4,PPO,0.0001,0.99,-1.0,1.0,[CpuDevice(id=0)],[CpuDevice(id=0)],stochastic,200.0,629.3316084000398,mountaincar,sparse
0,PPO,0.0001,0.95,-1.0,1.0,[CpuDevice(id=0)],[CpuDevice(id=0)],stochastic,200.0,629.9759442000068,mountaincar,sparse
1,PPO,0.0001,0.95,-1.0,1.0,[CpuDevice(id=0)],[CpuDevice(id=0)],stochastic,200.0,628.0173917000066,mountaincar,sparse
2,PPO,0.0001,0.95,-1.0,1.0,[CpuDevice(id=0)],[CpuDevice(id=0)],stochastic,200.0,630.6095427999971,mountaincar,sparse
3,PPO,0.0001,0.95,-1.0,1.0,[CpuDevice(id=0)],[CpuDevice(id=0)],stochastic,200.0,630.9477292999509,mountaincar,sparse
4,PPO,0.0001,0.95,-1.0,1.0,[CpuDevice(id=0)],[CpuDevice(id=0)],stochastic,200.0,629.8327248999849,mountaincar,sparse
0,PPO,0.0005,0.99,-1.0,1.0,[CpuDevice(id=0)],[CpuDevice(id=0)],stochastic,200.0,631.2657425999641,mountaincar,sparse
1,PPO,0.0005,0.99,-1.0,1.0,[CpuDevice(id=0)],[CpuDevice(id=0)],stochastic,200.0,630.3732639000518,mountaincar,sparse
2,PPO,0.0005,0.99,-1.0,1.0,[CpuDevice(id=0)],[CpuDevice(id=0)],stochastic,200.0,630.5487293999759,mountaincar,sparse
3,PPO,0.0005,0.99,-1.0,1.0,[CpuDevice(id=0)],[CpuDevice(id=0)],stochastic,200.0,628.9509159999434,mountaincar,sparse
4,PPO,0.0005,0.99,-1.0,1.0,[CpuDevice(id=0)],[CpuDevice(id=0)],stochastic,200.0,630.4875086999964,mountaincar,sparse
0,PPO,0.0005,0.95,-1.0,1.0,[CpuDevice(id=0)],[CpuDevice(id=0)],stochastic,200.0,630.1267251999816,mountaincar,sparse
1,PPO,0.0005,0.95,-1.0,1.0,[CpuDevice(id=0)],[CpuDevice(id=0)],stochastic,200.0,628.7544166999869,mountaincar,sparse
2,PPO,0.0005,0.95,-1.0,1.0,[CpuDevice(id=0)],[CpuDevice(id=0)],stochastic,200.0,629.9479082999751,mountaincar,sparse
3,PPO,0.0005,0.95,-1.0,1.0,[CpuDevice(id=0)],[CpuDevice(id=0)],stochastic,200.0,630.1525732000009,mountaincar,sparse
4,PPO,0.0005,0.95,-1.0,1.0,[CpuDevice(id=0)],[CpuDevice(id=0)],stochastic,200.0,631.130727700016,mountaincar,sparse
0,PPO,0.001,0.99,-1.0,1.0,[CpuDevice(id=0)],[CpuDevice(id=0)],stochastic,200.0,631.4581697999965,mountaincar,sparse
1,PPO,0.001,0.99,-1.0,1.0,[CpuDevice(id=0)],[CpuDevice(id=0)],stochastic,200.0,630.3632990000187,mountaincar,sparse
2,PPO,0.001,0.99,-1.0,1.0,[CpuDevice(id=0)],[CpuDevice(id=0)],stochastic,200.0,631.2382549000322,mountaincar,sparse
3,PPO,0.001,0.99,-1.0,1.0,[CpuDevice(id=0)],[CpuDevice(id=0)],stochastic,200.0,628.5492609000066,mountaincar,sparse
4,PPO,0.001,0.99,-1.0,1.0,[CpuDevice(id=0)],[CpuDevice(id=0)],stochastic,200.0,629.8737242000061,mountaincar,sparse
0,PPO,0.001,0.95,-1.0,1.0,[CpuDevice(id=0)],[CpuDevice(id=0)],stochastic,200.0,631.2585385999992,mountaincar,sparse
1,PPO,0.001,0.95,-1.0,1.0,[CpuDevice(id=0)],[CpuDevice(id=0)],stochastic,200.0,631.2662231999566,mountaincar,sparse
2,PPO,0.001,0.95,-1.0,1.0,[CpuDevice(id=0)],[CpuDevice(id=0)],stochastic,200.0,627.5558179999935,mountaincar,sparse
3,PPO,0.001,0.95,-1.0,1.0,[CpuDevice(id=0)],[CpuDevice(id=0)],stochastic,200.0,629.32834800001,mountaincar,sparse
4,PPO,0.001,0.95,-1.0,1.0,[CpuDevice(id=0)],[CpuDevice(id=0)],stochastic,200.0,635.02833250002,mountaincar,sparse
